-16.0, -0.2, -8.0, 0.6
8.0, -0.4, -2.0, -0.8
14.0, 0.9, -6.0, -0.6
-20.0, -0.6, -20.0, 0.3
-2.0, 0.7, 14.0, -0.5
7.0, 0.6, -12.0, -0.2
18.0, -0.5, 14.0, 0.2
4.0, 0.7, -2.0, -0.7
11.0, 0.0, -12.0, 0.0
-9.0, 0.6, -19.0, -0.5
17.0, 0.8, 11.0, 0.7
-20.0, 0.7, 7.0, 0.2
-1.0, -0.0, -13.0, 1.0
3.0, -0.0, 13.0, 0.1
6.0, -0.5, -7.0, 0.5
14.0, 0.9, 10.0, 1.0
-12.0, 0.1, -9.0, -0.5
-8.0, -0.4, 4.0, -0.2
-10.0, 0.4, -4.0, -0.2
5.0, 0.4, 11.0, 0.8
9.0, -0.0, 19.0, 0.4
0.0, -0.1, -7.0, 0.0
5.0, -0.1, 12.0, -0.5
4.0, 0.0, -15.0, -0.4
8.0, -0.9, 15.0, 0.1
11.0, -1.0, -6.0, 0.1
-13.0, -0.9, -3.0, -0.6
-7.0, -0.3, -14.0, 0.5
3.0, 0.3, -1.0, -0.9
-8.0, 0.4, -5.0, -0.1
-14.0, 0.7, -1.0, 1.0
18.0, 0.3, 8.0, 0.9
-6.0, -0.3, 8.0, -0.5
14.0, 0.4, -19.0, 0.8
-5.0, 0.7, 14.0, 0.7
7.0, -0.6, 3.0, -0.8
-14.0, 0.7, 6.0, -0.3
-18.0, 0.7, -18.0, -0.2
5.0, -0.6, -6.0, -0.8
4.0, 0.3, -11.0, -0.4
-9.0, -0.9, -15.0, 0.1
1.0, -0.7, -10.0, 0.9
11.0, 0.2, 6.0, -0.6
-5.0, -0.7, 8.0, 0.6
16.0, -0.3, 8.0, -0.3
16.0, -0.3, -18.0, -0.4
12.0, 0.6, -4.0, 0.1
-5.0, -0.7, 18.0, 1.0
16.0, -0.1, -10.0, 0.0
13.0, -0.7, -17.0, 0.2
4.0, 0.1, 11.0, 0.5
17.0, 0.8, -14.0, 0.4
11.0, 0.7, -17.0, -0.3
-4.0, -0.5, 8.0, -0.3
-3.0, -0.2, -20.0, 0.4
0.0, -0.7, -16.0, -0.6
-20.0, 0.4, 17.0, -0.9
-9.0, -0.3, 16.0, -0.7
-13.0, 0.4, -6.0, 0.8
16.0, -0.3, 7.0, 0.4
17.0, 0.4, 4.0, -0.6
15.0, -0.4, 11.0, -0.7
-8.0, -0.7, -10.0, -0.6
1.0, 0.0, 15.0, -0.7
8.0, 0.6, -15.0, 0.7
-17.0, -0.4, 3.0, 0.1
-14.0, 0.5, -1.0, 0.4
-18.0, -0.8, 11.0, 0.8
13.0, 0.3, -20.0, -0.5
-7.0, 0.8, 9.0, -0.0
-16.0, 0.1, 2.0, 0.8
-10.0, -1.0, 18.0, 0.6
3.0, -0.7, 16.0, -1.0
-8.0, 0.6, -10.0, -0.9
-17.0, -0.6, -14.0, -0.5
-19.0, 0.3, 5.0, 0.9
11.0, -0.0, -7.0, -0.9
13.0, -0.2, -15.0, -0.5
7.0, 0.2, 18.0, 0.9
-20.0, -0.2, 7.0, 0.2
-7.0, 0.8, 1.0, 1.0
11.0, -0.9, -17.0, -0.9
-0.0, 0.2, -18.0, 0.9
-8.0, -0.2, 9.0, 0.8
-11.0, -0.5, 4.0, -0.1
-13.0, -0.3, 3.0, -0.3
11.0, -0.6, -19.0, 0.0
-0.0, -0.1, 10.0, -0.5
2.0, 0.3, -9.0, -0.6
19.0, 0.2, -16.0, 0.4
12.0, 0.9, 8.0, -0.8
-4.0, -0.2, 6.0, -0.8
-9.0, 0.4, -17.0, -0.8
7.0, -0.7, 17.0, 0.8
8.0, -0.6, 8.0, -1.0
-20.0, -0.4, -11.0, 0.3
-17.0, 0.7, -10.0, 0.3
-7.0, 0.3, -5.0, -0.9
10.0, -0.2, -16.0, -0.8
7.0, 0.1, -6.0, -0.0
-9.0, 0.9, -15.0, 0.1
-3.0, -0.2, -20.0, 0.4
-18.0, -0.8, 11.0, 0.8
1.0, -0.7, -10.0, 0.9
18.0, 0.3, 8.0, 0.9
12.0, 0.9, 8.0, -0.8
-17.8, -0.2, -8.0, 0.6
8.0, -0.9, 15.0, 0.1
11.0, -0.3, 7.0, 0.4
16.0, -1.0, -6.5, 0.1
3.0, -0.1, 6.0, -0.6
11.0, 0.2, 13.0, 0.1
-16.0, -1.0, 18.0, 0.6
-12.7, 0.1, 2.0, 0.8
-15.5, -0.2, 7.0, 0.4
16.0, -0.3, -8.0, 0.6
-7.0, -0.3, -14.0, 0.3
-18.0, -0.8, 11.0, 0.8
-8.0, -0.2, -11.1, 0.3
-20.0, -0.4, 9.0, 0.8
-16.0, -0.2, -8.0, 0.3
-20.0, -0.6, -20.0, 0.3
18.0, 0.3, -20.0, -0.5
13.0, 0.3, 8.0, 0.9
-2.0, 0.7, 14.0, -0.5
-10.0, -1.0, 16.1, 0.6
-20.0, -0.2, -9.0, 0.5
-14.2, 0.1, 7.0, 0.2
14.1, -0.9, 8.0, -0.5
12.0, 0.9, -6.0, -0.6
9.0, -0.0, 19.0, 0.4
16.0, -0.2, 8.3, 0.4
18.0, -0.5, -10.0, 0.9
1.0, -0.7, 14.0, 0.2
-18.0, 0.7, 11.0, 0.8
-18.0, -0.8, -18.0, -0.2
-20.0, -1.0, 18.0, 0.6
-10.8, 0.4, 17.0, -0.9
-18.0, -0.9, 15.0, 0.1
8.0, 0.7, -18.0, -0.2
-20.0, 0.2, 7.0, 0.2
-20.0, 0.3, 5.0, 0.9
-9.0, 0.4, -17.0, -0.8
-9.0, -0.9, -13.5, 0.2
-20.0, -0.2, 7.0, 0.2
-9.0, 0.6, -19.0, 0.5
-9.0, -1.0, 18.0, 0.6
-10.0, -1.0, -15.0, 0.1
11.0, -0.6, -19.0, -0.0
-18.0, 0.3, -18.0, 0.2
-10.0, -0.3, -14.0, 0.5
-7.0, -1.0, 18.0, 0.5
16.0, -0.3, -5.0, -0.9
-7.0, 0.3, -18.0, -0.4
15.0, -0.5, -18.0, -0.4
-18.0, 0.7, -20.0, -0.2
-5.0, -0.7, 6.0, -0.6
11.0, 0.2, 18.0, 1.0
-10.0, -1.0, -6.0, -0.6
14.0, 0.9, 18.0, 0.6
-10.0, -0.2, -8.0, 0.6
-16.0, -1.0, 18.0, 0.6
-12.0, 0.1, 8.0, 0.9
-18.0, 0.3, -9.0, -0.5
7.0, 0.4, -17.0, -0.5
-9.0, 0.6, -12.1, -0.2
-17.0, 0.0, -15.0, -0.4
4.0, -0.6, -14.0, -0.5
-20.0, 0.4, 17.0, -0.9
-2.1, -0.7, 18.0, 0.8
7.0, -0.7, -20.0, 0.3
-18.4, -0.6, 17.0, 0.8
-18.0, 0.7, 10.0, 0.3
-14.1, 0.7, -18.0, 0.1
-17.0, -0.0, -9.0, 0.5
-12.0, -0.6, -14.0, -0.5
1.0, -0.7, 17.0, 0.8
7.0, -0.7, -10.0, 0.9
11.0, 0.2, -18.0, -0.2
-15.9, 0.7, 6.0, 0.6
-18.0, 0.6, -19.0, 0.5
-9.0, 0.7, -18.0, -0.2
-16.0, -0.6, 17.0, 0.8
7.0, -0.3, -8.0, 0.6
13.0, -0.7, -11.0, 0.3
-20.0, -0.6, -17.0, 0.2
-7.0, -0.3, -14.0, 0.5
12.0, 0.9, 8.0, -0.8
-2.0, 0.7, 14.0, -0.5
12.0, 0.9, 8.0, -0.8
-5.0, 0.1, -9.0, 0.5
-12.0, -0.7, -18.0, 1.0
1.0, -0.7, -17.0, -0.9
20.0, 0.7, -10.0, 0.9
8.0, -0.9, 18.0, 0.6
-9.8, -1.0, 15.0, 0.1
13.0, 0.3, 5.0, 0.9
-19.0, -0.7, -17.0, 0.2
16.0, -0.7, 5.0, 0.9
-19.0, 0.3, 7.0, 0.4
-10.8, 0.3, 17.0, -0.9
-18.0, 0.3, -9.0, -0.5
18.0, 0.3, -20.0, -0.5
-20.0, -0.2, 7.0, 0.2
1.0, 0.2, 13.0, 0.1
11.0, -0.7, 14.0, 0.2
-18.0, 0.3, -20.0, -0.5
17.8, 0.0, -9.0, -0.5
1.0, -0.7, 17.0, 0.8
-18.0, 0.6, -19.0, 0.5
-12.0, -0.6, 18.0, 0.6
-17.7, -1.0, -14.0, 0.5
-10.0, -0.2, 7.0, 0.2
20.0, -1.0, -15.0, 0.1
8.0, -0.6, 15.0, -0.1
-18.0, -0.9, 15.0, 0.1
-2.1, -0.7, 18.0, 0.8
16.0, -0.3, -8.0, 0.6
-12.0, -0.7, -14.0, 0.5
-10.0, -0.3, 18.0, 1.0
-20.0, -1.0, 18.0, 0.6
-18.0, -0.8, 11.0, 0.8
-7.0, -0.2, 7.0, 0.2
-20.0, -0.3, -14.0, 0.5
-20.0, -1.0, 18.0, 0.6
8.0, -0.9, 18.0, 0.6
-16.0, -0.5, 8.0, 0.8
-18.0, -0.8, 8.3, 0.6
-18.0, -0.3, -6.0, 0.6
-10.0, 0.3, -15.8, 0.2
18.0, -0.7, 17.0, 0.8
1.0, 0.3, -20.0, -0.5
19.8, -0.3, -8.0, 0.6
16.0, 0.3, -20.0, -0.5
-20.0, -1.0, 17.0, 0.8
1.0, -0.7, 18.0, 0.6
-2.1, -0.7, 18.0, 0.8
12.0, 0.9, 8.0, -0.8
-9.8, -1.0, -18.0, -0.2
-18.0, -0.8, 15.0, 0.1
16.0, 0.2, 8.3, 0.4
-16.0, -0.2, 8.3, 0.4
12.0, -0.6, 17.0, 0.8
-18.4, 0.9, 8.0, -0.8
12.0, 0.7, 8.0, -0.8
-2.1, -0.7, 18.0, 0.8
18.7, 0.3, -20.0, -0.5
-10.0, -0.2, -8.0, 0.6
12.0, 0.9, 8.0, -0.8
-2.1, -0.7, 18.0, 0.8
-20.0, -1.0, 15.0, 0.1
8.0, -0.2, 7.0, 0.2
-17.0, 0.1, 11.0, 0.8
-18.0, -0.8, -9.0, 0.5
9.5, 0.9, 12.3, 0.1
11.0, 0.2, 8.0, -0.8
-18.0, -0.8, -18.0, -0.2
-16.0, -1.0, 18.0, 0.6
8.0, -0.7, 14.0, 0.2
1.0, -0.9, 18.0, 0.6
1.1, -0.7, 14.0, 0.2
-20.0, -0.2, 7.0, 0.2
-20.0, 0.7, -18.0, -0.1
-11.4, -0.5, 11.0, 0.8
-18.4, -0.6, -9.0, 0.5
-17.0, -0.0, 17.0, 0.7
8.0, -0.7, -17.0, 0.2
-19.0, -0.9, 18.0, 0.6
-16.0, 0.3, -8.0, 0.7
-16.0, -0.2, -8.0, 0.3
-18.0, 0.3, -6.4, -0.5
-14.1, 0.7, -18.0, 0.1
-10.2, -0.9, -13.5, 0.2
1.0, -0.7, 17.0, 1.0
-2.1, -0.7, 18.0, -0.8
16.0, -0.2, 8.3, 0.4
16.6, -0.1, 11.0, 0.8
-18.0, -0.8, 8.3, 0.4
-14.1, 0.7, 10.0, 0.4
16.0, -0.2, -18.0, 0.1
-13.9, -0.7, -18.0, -0.2
8.0, 0.7, -16.8, 1.0
14.8, -0.3, 11.0, 0.8
-18.0, -1.0, -8.0, 0.6
1.0, -0.7, 19.7, 0.5
-2.1, -0.7, 17.0, 0.8
-8.0, -0.9, 18.0, 0.6
18.0, 0.3, -20.0, -0.5
11.0, -0.3, -15.2, 0.3
-18.0, 0.0, 7.0, 0.4
-18.4, -0.6, 19.9, 0.8
16.0, -0.3, -7.6, 0.6
-18.4, -0.6, -19.0, 0.5
-18.0, 0.6, 17.0, 0.8
-17.0, -1.0, 16.9, -0.2
-7.8, -0.0, -9.0, 0.6
18.0, -0.3, -14.0, 0.3
-5.0, 0.4, -20.0, -0.5
12.0, 0.5, 18.0, 0.7
-16.0, -1.0, 8.0, -0.4
17.8, -0.0, 8.3, 0.4
16.0, -0.2, -9.0, -0.5
-13.9, -0.7, -18.0, -0.2
12.0, 0.5, -18.0, 0.7
12.0, 0.9, 8.3, 0.4
16.0, -0.2, 18.0, 0.7
-10.0, 0.4, -20.0, -0.5
16.9, -0.2, 8.0, 0.6
18.0, 0.0, 7.0, 0.4
-18.0, 0.3, -20.0, -0.5
-13.9, 0.3, -20.0, -0.5
18.7, -0.7, -18.0, -0.2
18.0, 0.5, -18.9, 0.5
-18.0, 0.3, -20.0, -0.5
20.0, 0.0, 7.0, 0.4
-18.0, 0.0, -9.0, -0.5
-18.0, -1.0, -18.0, -0.2
-18.0, 0.0, 7.0, 0.4
-16.0, 0.5, 18.0, 0.7
12.0, -0.5, 8.0, 0.8
-18.4, 0.9, 8.0, -0.8
16.6, -0.1, 11.0, 0.8
-10.2, -0.2, 8.0, -0.8
11.0, -0.9, -13.5, 0.2
-20.0, 0.5, 18.0, 0.7
11.0, -0.1, 14.0, 0.5
1.0, -0.7, 18.0, 0.7
12.0, 0.7, 19.7, 0.2
19.8, 0.1, -8.0, 0.4
16.0, 0.3, -20.0, -0.5
-16.0, -0.4, 8.0, 0.9
14.8, -0.3, 11.0, 0.8
-18.0, 0.3, -9.0, -0.5
-16.9, 0.6, -19.0, 0.5
-18.0, -0.2, -8.0, 0.5
-9.1, -0.3, -14.0, 0.3
-18.0, -0.5, 8.0, 0.8
-18.5, -0.3, -6.0, 0.6
14.8, 0.3, -20.0, -0.5
18.0, -0.3, 11.0, 0.8
18.0, 0.3, -20.0, -0.5
12.0, 0.5, 18.0, 0.7
12.0, 0.5, -9.7, -0.5
-18.0, 0.3, 18.0, 0.7
-18.0, 0.6, -19.0, 0.5
18.0, -0.3, -14.0, 0.3
18.0, -1.0, -15.0, 0.2
20.0, -0.3, -14.0, 0.4
9.5, -0.3, -14.0, 0.3
18.0, 0.9, -12.3, 0.1
18.0, 0.3, -6.4, -0.5
-18.0, 0.6, -20.0, -0.5
-20.0, 0.3, -19.0, 0.5
-18.0, -0.3, -14.0, 0.2
-18.0, -0.9, 18.0, 0.6
1.0, -0.7, -18.0, -0.2
-20.0, 0.5, 18.0, 0.7
12.0, -0.3, -14.0, 0.6
-18.0, 0.0, 7.0, 0.4
-18.0, -0.8, -9.0, 0.5
12.0, -0.9, -10.9, 0.2
-10.2, 0.5, 18.0, 0.7
-18.4, -0.6, 9.0, 0.5
14.8, -0.3, 11.0, 0.8
-5.0, 0.3, -6.4, -0.5
-18.0, 0.4, -20.0, -0.5
18.0, 0.3, -9.0, -0.5
-18.0, -0.3, -14.0, 0.3
-19.3, -0.6, -9.0, 0.5
-18.4, 0.6, -9.0, 0.5
18.0, 0.3, 8.3, 0.4
16.4, -0.2, -20.0, -0.5
-18.4, -0.4, -8.7, 0.5
18.0, -0.3, -14.0, 0.3
-10.2, 0.3, -20.0, -0.5
18.0, -0.9, -13.5, 0.2
8.0, -1.0, -15.0, 0.1
20.0, -0.6, 15.0, -0.1
-18.0, -0.8, -18.0, -0.2
18.0, 0.3, -20.0, -0.5
18.7, 0.0, 7.0, 0.4
-18.0, 0.4, -20.0, -0.5
-18.0, -0.7, -18.0, 0.2
-13.9, 0.3, -6.4, -0.5
17.6, -0.3, 4.8, 0.2
-20.0, -0.2, -7.6, 0.6
11.0, 0.2, 8.0, -0.8
-18.0, -0.3, -6.0, 0.6
-20.0, 0.3, -6.4, -0.1
8.0, -0.6, 15.0, -0.1
-17.6, -0.8, -18.0, -0.2
-17.4, 0.8, -18.0, -0.2
-10.2, -0.9, -18.0, -0.2
-13.9, -0.7, -16.4, 0.2
-18.0, -0.3, -13.5, 0.2
-10.2, -0.9, -6.0, 0.6
12.0, 0.6, -19.0, 0.5
-20.0, 0.5, 18.0, 0.7
18.0, -0.5, 8.0, 0.8
-16.0, -0.3, -12.4, 0.3
-18.0, 0.0, -7.0, 0.4
18.0, 0.0, 7.0, 0.4
-18.0, -0.6, -5.7, -0.5
18.0, 0.3, -14.0, 0.3
-17.4, 0.8, -18.0, -0.2
20.0, -0.3, -14.0, 0.4
-20.0, 0.3, -20.0, -0.5
-18.0, -0.3, -13.5, 0.2
14.8, -0.3, -6.0, 0.8
-18.5, -0.3, 11.0, 0.8
-10.2, 0.3, -6.4, -0.1
-20.0, 0.3, -20.0, 0.5
18.7, 0.0, 7.5, 0.5
16.9, -0.5, 8.0, 0.6
-18.0, -0.3, -15.0, 0.1
8.0, -1.0, -13.5, 0.3
18.0, -0.3, 11.0, 0.8
11.0, -0.1, 14.0, 0.5
-20.0, 0.3, -6.4, -0.1
-20.0, 0.3, -19.0, 0.5
8.0, -1.0, -20.0, -0.5
-18.0, 0.4, -15.0, 0.1
16.9, -0.2, 11.0, 0.8
14.8, -0.3, 9.9, 0.6
-18.0, -0.3, -6.0, 0.6
-18.0, 0.3, -6.4, -0.5
18.0, -0.5, -20.0, -0.5
16.4, 0.3, 8.0, 0.8
16.0, -0.2, -14.0, 0.4
20.0, -0.3, 18.0, 0.7
20.0, 0.3, -19.0, 0.3
18.0, -0.3, -14.0, 0.3
20.0, -0.3, -7.5, 0.5
-18.4, -0.4, -14.3, 0.4
12.0, -0.3, -14.0, 0.3
18.0, 0.5, 18.0, 0.7
-18.0, -0.3, -20.0, -0.5
-10.0, 0.1, 11.0, -0.8
-17.4, 0.8, -14.2, 0.3
-18.0, -0.3, -18.0, -0.1
-18.3, 0.0, 7.0, 0.4
-20.0, 0.3, -6.4, -0.1
14.8, -0.3, 8.1, 0.8
14.8, 0.3, 11.0, 0.8
16.0, -0.0, 8.3, 0.4
17.8, 0.3, -20.0, -0.5
20.0, -0.3, -14.0, 0.4
-14.8, 0.3, -20.0, -0.5
20.0, -0.3, 8.3, 0.4
17.8, -0.0, -14.0, 0.4
18.0, 0.3, 12.9, 0.5
11.0, -0.1, 8.3, 0.4
-18.0, 0.4, -20.0, -0.5
12.0, -0.3, -14.0, 0.6
16.9, 0.2, 7.0, 0.5
20.0, 0.0, 8.0, 0.6
9.5, 0.2, 16.9, 0.7
12.0, 0.5, 8.0, -0.8
-19.2, 0.4, -20.0, -0.5
18.0, 0.3, -6.4, -0.5
-20.0, -0.5, 8.0, 0.8
18.0, 0.3, -7.8, -0.1
18.4, -0.4, 18.0, 0.7
12.0, 0.5, -8.7, 0.4
-20.0, 0.3, -4.4, -0.1
16.0, 0.4, -20.0, -0.5
-18.0, -0.2, -8.0, 0.5
-18.0, 0.4, -20.0, -0.5
17.4, 0.5, 5.2, -0.8
11.0, -0.3, -14.0, 0.4
-18.0, -0.2, 18.0, 0.7
16.0, 0.4, -20.0, -0.5
18.0, 0.3, 7.0, 0.4
-15.8, -0.0, -6.4, -0.5
14.8, -0.3, 11.0, 0.8
12.0, -0.3, -14.0, 0.6
16.0, -0.3, -14.0, 0.4
20.0, 0.3, -20.0, -0.5
11.0, -0.1, -12.4, 0.3
-15.0, -0.2, 14.0, -0.5
-18.0, -0.3, 8.0, 0.6
16.9, -0.2, -14.0, 0.3
20.0, 0.1, -14.0, 0.3
-18.0, -0.3, -7.0, 0.4
18.0, 0.1, -6.0, -0.1
-20.0, 0.3, -6.4, -0.4
19.8, 0.1, -8.7, 0.5
-18.4, -0.6, -8.0, 0.4
-18.0, 0.3, -4.4, -0.5
18.0, -0.3, -13.5, 0.2
-18.0, -0.2, -20.0, -0.5
15.9, 0.3, -8.0, 0.5
16.9, 0.3, -6.4, -0.1
-20.0, -0.2, 8.0, 0.6
-20.0, -0.1, 11.0, 0.8
16.6, -0.1, -7.6, 0.6
11.0, -0.1, -19.0, -0.5
-20.0, -0.1, 14.0, 0.5
8.0, -0.6, 11.0, 0.8
14.8, -0.3, 15.0, -0.1
14.8, -0.3, 8.0, 0.6
-18.0, -0.3, -6.0, 0.8
-18.0, -0.0, 8.3, 0.4
16.0, 0.3, -6.4, -0.5
18.4, -0.1, -18.0, 0.7
16.6, -0.1, -7.6, 0.6
-18.3, 0.0, 8.0, 0.5
-18.0, -0.3, 7.0, 0.4
14.8, -0.3, 5.2, 0.6
-17.3, -0.2, -6.0, -0.8
16.6, -0.1, -7.6, -0.6
-18.0, 0.3, -6.4, -0.5
18.7, 0.0, -20.0, 0.5
-20.0, 0.6, 7.5, 0.5
18.0, 0.3, -6.4, -0.5
11.0, -0.1, 10.1, 0.4
18.4, 0.5, 5.2, -0.8
-17.4, -0.4, 18.0, 0.7
11.0, -0.1, 8.3, 0.4
11.0, -0.1, 14.0, 0.4
15.3, 0.3, -8.1, 0.8
-20.0, 0.3, -6.4, -0.1
18.7, -0.2, -3.5, 0.8
14.8, -0.3, 6.4, 0.5
-18.0, 0.1, -8.7, 0.5
19.8, -0.3, -15.0, 0.1
18.0, -0.1, 14.0, 0.5
20.0, 0.3, -6.4, -0.5
20.0, -0.3, -7.0, 0.4
-19.6, 0.0, -14.0, 0.4
16.6, -0.4, 18.0, 0.7
18.4, -0.1, -7.6, 0.6
-18.0, -0.3, 8.0, 0.5
16.6, -0.1, 7.6, 0.6
11.0, -0.1, 8.3, 0.4
-18.0, -0.4, -20.0, -0.5
-20.0, -0.1, -7.6, 0.6
16.6, -0.2, 8.0, 0.6
-15.3, 0.1, -14.0, 0.1
20.0, 0.0, -7.0, 0.5
-18.3, 0.0, 7.0, 0.4
18.0, 0.3, -6.4, -0.5
-20.0, -0.1, 8.3, 0.4
11.0, -0.2, 7.7, -0.6
18.0, 0.3, -14.0, 0.4
16.0, -0.2, -6.4, -0.9
16.0, 0.3, -6.4, -0.1
-20.0, -0.0, 8.3, 0.4
-18.0, 0.3, -6.4, -0.8
17.4, -0.5, 8.0, 0.6
20.0, -0.1, 18.0, 0.7
18.4, -0.1, -14.0, 0.3
14.8, 0.3, 18.0, 0.7
18.4, -0.4, 8.7, 0.8
-18.0, 0.0, 7.0, 0.4
-18.3, -0.2, -19.8, -0.5
15.8, -0.5, 8.0, 0.6
16.9, -0.0, 8.3, 0.4
14.8, 0.0, -7.0, 0.4
-18.0, -0.3, -6.0, 0.8
17.8, 0.3, -6.4, -0.1
-20.0, 0.3, -20.0, -0.5
11.0, -0.1, -6.0, 0.5
14.8, -0.3, 8.3, 0.4
16.7, -0.4, -14.3, 0.4
-18.4, 0.7, 5.2, -0.8
18.0, -0.1, 8.3, 0.4
11.0, 0.3, -6.4, -0.5
20.0, -0.3, -14.0, 0.4
-18.0, -0.2, -20.0, -0.5
9.5, -0.3, -14.0, 0.4
20.0, -0.1, -12.4, 0.5
14.8, -0.3, 9.5, 0.8
20.0, 0.0, 8.0, 1.0
-18.5, -0.3, 11.3, 0.8
11.0, -0.1, 14.0, 0.5
16.0, -0.2, -14.0, 0.4
16.9, -0.2, 11.0, 0.8
18.0, 0.3, 13.7, 0.3
-20.0, -0.1, -8.3, -0.5
14.8, -0.3, 6.8, 0.8
16.9, -0.5, 8.0, 0.6
16.6, -0.1, 8.0, 0.6
-20.0, -0.2, -7.6, 0.5
-18.0, 0.0, -7.0, 0.4
20.0, -0.3, 18.0, 0.4
14.8, -0.3, 16.4, -0.1
-18.0, -0.3, 10.4, 0.6
14.8, -0.2, 11.0, 0.8
14.0, -0.2, -11.0, -0.8
14.8, -0.3, 9.9, 0.3
-15.4, -0.3, 8.0, 0.6
17.4, 0.5, 5.2, -0.6
14.8, -0.3, -6.0, 1.0
16.0, 0.5, 5.2, -0.8
17.4, -0.0, 8.3, 0.4
20.0, -0.4, 14.0, 0.5
-20.0, -0.1, 18.0, 0.7
18.0, -0.5, 14.0, 0.5
-20.0, -0.1, -20.0, -0.5
-18.0, 0.1, -7.4, 0.5
-17.7, 0.1, 8.7, 0.5
18.0, -0.3, 8.0, 0.6
14.8, -0.3, -6.4, -0.5
-20.0, -0.2, -7.6, 0.5
-17.3, -0.2, -6.0, -0.8
18.4, -0.1, 10.1, 0.4
11.0, 0.2, -14.0, 0.3
18.0, -0.1, 8.3, 0.4
18.7, 0.0, -20.0, 0.5
-20.0, -0.1, 8.3, 0.4
11.0, 0.3, -6.4, -0.1
18.0, -0.1, 7.0, 0.4
-18.0, 0.0, 8.3, 0.4
14.8, -0.1, 10.1, 0.4
13.6, -0.3, 16.4, -0.1
-18.0, 0.0, 10.1, 0.4
11.0, 0.1, -8.5, -0.5
18.0, -0.1, -14.0, 0.3
18.4, 0.3, -6.4, -0.5
11.0, 0.0, -7.0, 0.4
-18.0, 0.3, 11.3, 0.4
-18.0, -0.3, 6.0, 0.8
14.8, -0.3, 8.0, 0.6
-18.3, -0.2, -7.6, 0.5
20.0, 0.0, 7.0, 0.4
16.6, -0.2, -7.6, 0.5
-20.0, -0.5, 7.6, 0.6
20.0, 0.4, -6.0, 0.5
11.0, -0.1, -6.4, -0.5
18.0, -0.2, 9.7, 0.8
17.3, -0.1, 14.0, 0.5
-18.0, 0.1, -6.4, -0.5
18.0, -0.3, 7.0, 0.4
-18.0, -0.2, -7.6, 0.5
-20.0, -0.4, -20.0, -0.5
18.7, 0.0, -20.0, -0.5
-15.9, -0.2, 20.0, 0.5
-18.0, -0.3, 7.0, 0.4
-18.0, -0.0, -20.0, 0.5
18.7, 0.0, -20.0, 0.5
-20.0, -0.3, -6.0, 0.8
14.8, -0.3, -6.4, -0.5
20.0, 0.3, 16.4, -0.1
16.6, -0.4, 14.0, 0.5
18.0, -0.1, 18.0, 0.7
-20.0, -0.1, -6.0, 0.8
-18.0, -0.3, 9.2, 0.4
-18.0, -0.3, 8.0, 0.6
14.8, -0.3, -6.0, 0.8
-18.0, -0.1, 8.3, 0.4
18.0, 0.0, -8.9, 0.4
18.4, -0.4, 8.7, 0.8
-18.0, -0.4, -20.0, -0.5
-18.0, -0.1, 10.1, 0.4
11.0, 0.0, -7.0, 0.4
18.0, 0.3, 14.0, 0.4
16.0, -0.2, -6.4, -0.5
18.0, -0.4, 8.7, 0.8
18.4, -0.1, 14.0, 0.5
16.3, -0.1, -6.4, -0.5
18.0, 0.3, 8.0, 0.6
-18.0, 0.3, -6.0, 0.8
-20.0, -0.1, -8.3, 0.5
16.0, -0.2, -14.0, 0.4
11.0, -0.1, 14.0, 0.5
18.0, 0.3, -6.4, -0.5
-18.0, -0.3, -6.0, 0.8
-18.0, -0.4, 8.3, 0.4
-20.0, -0.0, -20.0, -0.5
18.0, -0.1, -6.4, -0.5
20.0, 0.3, 14.0, 0.5
18.4, -0.1, -8.3, -0.5
-20.0, -0.1, -14.0, 0.3
-18.0, -0.2, -7.0, 0.4
-20.0, 0.3, -7.1, -0.1
18.3, 0.0, -7.6, 0.6
16.6, -0.1, -7.0, 0.4
18.4, -0.2, -7.6, -0.5
-20.0, -0.5, 10.4, 0.8
-18.0, 0.3, -6.4, -0.5
18.8, -0.4, -20.0, -0.5
18.0, -0.1, 8.7, 0.8
18.4, -0.4, 8.3, 0.4
-18.3, 0.0, -6.4, -0.5
-18.0, 0.3, 7.0, 0.4
-20.0, -0.2, -7.6, 0.5
16.6, -0.1, 8.0, 0.6
-20.0, 0.2, -20.0, -0.5
-15.8, -0.0, 8.3, 0.4
-18.0, 0.3, -6.4, -0.6
18.0, -0.4, -20.0, -0.5
18.0, -0.5, 8.0, 0.6
14.7, -0.1, 14.0, 0.4
20.0, -0.1, 14.0, 0.4
11.0, -0.1, 18.0, 0.7
14.8, -0.2, -20.0, -0.5
-18.0, -0.3, 8.0, 0.3
-18.0, 0.0, -8.3, -0.5
20.0, -0.1, -7.0, -0.4
11.0, 0.1, 18.0, 0.8
18.5, -0.1, -8.5, -0.5
18.4, -0.2, -7.6, -0.5
17.3, -0.1, 14.0, 0.5
18.0, -0.1, 14.0, 0.5
17.5, -0.1, -14.0, 0.3
-20.0, -0.4, -7.4, 0.5
-18.0, 0.1, -20.0, -0.5
-15.8, -0.1, -14.0, 0.5
17.3, -0.3, -6.0, 0.8
20.0, 0.1, -6.4, -0.5
-18.0, 0.3, 18.9, -0.1
-18.0, -0.1, 7.0, 0.4
18.0, -0.3, -6.0, 0.8
-20.0, -0.1, -6.4, -0.5
18.0, -0.1, -14.0, 0.3
-20.0, 0.2, -20.0, -0.5
-20.0, -0.5, 10.4, 0.8
20.0, -0.1, 7.0, 0.4
18.0, -0.1, 14.0, 0.4
16.6, -0.1, -7.0, 0.4
-20.0, -0.5, 7.6, 0.6
-20.0, -0.1, 14.0, 0.3
-20.0, -0.5, 7.6, 0.4
18.0, -0.1, -14.0, 0.3
18.0, -0.1, -6.4, 0.5
18.0, -0.1, -7.6, 0.5
16.6, -0.2, -6.4, -0.5
18.0, 0.1, -8.5, -0.5
11.0, 0.1, 9.7, 0.8
-18.0, -0.3, -6.4, -0.5
15.3, -0.1, -6.0, 0.8
-18.0, 0.0, -8.0, -0.5
-18.3, -0.3, 9.2, 0.4
20.0, -0.3, -7.6, -0.5
18.4, -0.2, 14.0, 0.1
18.0, -0.1, 15.9, 0.7
18.0, -0.1, 18.0, -0.7
18.4, -0.0, -20.0, 0.5
18.0, -0.1, 10.1, 0.4
-20.0, -0.9, -7.0, 0.4
11.0, 0.0, 10.4, 0.8
11.0, 0.0, -7.9, 0.3
-18.5, -0.0, -20.0, 0.3
18.0, -0.1, 14.0, 0.5
17.3, -0.1, -14.0, 0.3
-18.0, -0.3, 16.4, -0.1
20.0, 0.3, 6.0, 0.8
18.0, -0.1, -14.0, 0.5
16.0, -0.2, -14.0, 0.1
20.0, 0.3, 16.4, -0.1
18.4, -0.1, -7.6, -0.5
18.0, -0.1, 14.0, 0.7
20.0, 0.0, -8.9, 0.4
17.3, -0.1, -6.4, -0.5
18.0, -0.1, 14.0, 0.5
14.8, 0.3, -7.1, -0.1
-20.0, -0.3, -6.0, 0.8
-18.0, 0.3, -6.4, -0.5
11.0, 0.1, -8.5, -0.5
-20.0, 0.3, -6.4, -0.5
18.0, -0.1, -7.1, -0.1
-13.5, -0.2, -7.6, -0.5
18.4, -0.2, 20.0, 0.5
18.0, -0.1, -20.0, -0.6
-20.0, -0.6, -14.0, 0.3
20.0, -0.1, 14.0, 0.4
-20.0, -0.5, 7.6, 0.3
-18.0, -0.5, -20.0, 0.5
-20.0, -0.0, -6.0, 0.8
18.0, -0.3, -8.0, 0.6
14.8, -0.3, 7.0, -0.4
20.0, 0.3, 10.4, 0.8
-18.6, -0.5, 16.4, -0.1
-20.0, 0.3, -6.4, -0.5
-15.1, 0.3, -7.1, 0.3
18.0, -0.1, 14.0, 0.3
-18.0, 0.1, -6.4, -0.5
18.4, -0.4, 20.0, -0.5
-20.0, -0.4, 8.7, 0.8
16.2, -0.4, -4.2, 0.6
-20.0, -0.3, 8.7, 0.8
18.0, -0.3, 8.9, 0.0
18.0, -0.1, 8.0, 0.6
-18.0, 0.0, -6.4, -0.5
-18.3, -0.5, 7.0, 0.1
-20.0, -0.4, -19.2, -0.9
18.4, -0.6, -7.6, -0.5
16.0, -0.2, -14.0, 0.4
-18.0, -0.1, 7.0, 0.4
-15.9, -0.2, 14.0, 0.6
17.3, -0.1, 20.0, 0.5
-19.5, 0.1, -6.4, -0.6
16.0, -0.2, -14.0, 0.4
18.0, -0.0, -20.0, 0.5
18.4, -0.1, 10.1, 0.4
-20.0, -0.0, -20.0, 0.5
-19.8, -0.0, -20.0, -0.5
19.5, -0.3, 18.0, 0.7
11.0, -0.1, 8.0, 0.6
-20.0, -0.2, -20.0, -0.5
17.4, 0.1, -6.4, -0.8
-18.0, -0.3, 9.2, 0.4
-18.3, -0.3, 16.4, 0.1
-20.0, -0.6, 8.7, 0.8
-20.0, -0.5, 7.6, 0.5
-18.0, -0.3, -6.4, -0.5
-20.0, -0.3, 16.4, -0.1
17.3, -0.1, 20.0, 0.5
14.5, -0.1, 20.0, 0.5
-18.0, -0.1, 10.1, 0.4
18.0, 0.1, -6.4, -0.5
-20.0, -0.9, -8.5, -0.5
19.5, 0.1, -7.0, 0.4
18.4, -0.2, 14.0, 0.1
-19.8, -0.0, -20.0, -0.5
20.0, -0.1, 10.1, 0.6
18.4, 0.3, 16.4, -0.1
-20.0, 0.2, -20.0, -0.5
-18.0, 0.3, -20.0, -0.5
-18.0, -0.3, -6.0, 0.8
19.5, 0.3, -6.4, -0.5
18.0, -0.1, 8.0, 0.6
11.0, -0.4, -7.6, 0.5
18.4, -0.5, 7.6, 0.4
-20.0, -0.2, 14.0, 0.1
18.0, -0.1, 7.0, 0.4
20.0, -0.1, 10.1, -0.4
-20.0, -0.3, 5.8, -0.8
-20.0, -1.0, -7.0, 0.4
-18.0, 0.0, -4.5, -0.5
20.0, 0.1, -8.0, -0.5
20.0, -0.1, 17.9, 0.7
18.1, -0.3, 7.0, 0.4
20.0, 0.1, -6.4, -0.5
20.0, 0.3, 16.4, -0.1
11.0, -0.0, -20.0, 0.3
-18.5, -0.2, -8.5, -0.5
-18.0, 0.1, 10.1, 0.4
18.0, -0.2, -20.0, -0.5
18.4, 0.0, 8.7, 0.8
-20.0, -0.2, 14.0, 0.1
20.0, -0.1, 14.0, 0.4
18.0, -0.1, 10.1, 0.4
-20.0, -0.3, 10.8, 0.8
-20.0, 0.2, -20.0, -0.5
-18.0, 0.0, 20.0, -0.5
18.4, -0.2, -6.4, -0.5
18.0, 0.3, -6.4, -0.5
-18.0, 0.1, 10.1, 0.4
20.0, -0.1, 14.0, 0.4
20.0, -0.1, 7.0, 0.4
18.4, -0.1, -7.6, -0.5
18.4, -0.2, 20.0, -0.5
16.5, -0.1, 20.0, 0.5
16.3, -0.1, 20.0, 0.5
-18.0, -0.1, 10.1, -0.4
16.2, -0.4, -4.2, -0.6
16.2, -0.4, -4.2, 0.6
11.0, 0.1, -8.5, -0.5
-20.0, -0.0, -6.4, -0.5
-18.0, 0.0, -20.0, 0.5
19.5, -0.3, -7.4, 0.6
-20.0, -0.4, 18.0, 0.7
15.7, -0.2, -20.0, -0.5
-18.0, 0.1, 14.0, 0.1
18.0, -0.4, -7.4, 0.5
-20.0, -0.3, 8.9, -0.1
18.4, -0.4, -2.1, 0.6
16.2, -0.2, -7.6, -0.2
18.4, -0.2, 14.0, 0.1
18.0, -0.1, 15.9, 0.7
-18.4, -0.9, 20.0, -0.5
18.4, -0.4, -7.0, 0.4
11.0, 0.1, -8.5, -0.6
8.4, 0.1, -8.5, -0.5
11.0, 0.1, -8.5, -0.5
18.0, 0.1, -8.5, -0.5
11.0, 0.1, -8.9, 0.4
20.0, 0.0, -8.5, -0.5
18.0, -0.1, -17.9, 0.5
-20.0, -0.0, 11.2, 0.4
18.4, -0.3, -6.0, 0.8
-17.3, -0.2, 11.9, 0.1
17.3, -0.2, 14.0, 0.1
18.4, -0.1, 20.0, 0.5
18.0, 0.1, -10.8, -0.5
-18.0, 0.1, -8.5, -0.5
20.0, 0.1, 6.0, 0.8
18.0, -0.3, -6.4, -0.5
18.4, -0.4, 20.0, -0.1
18.4, 0.4, 20.0, 0.5
18.4, -0.4, 20.0, -0.4
18.4, -0.2, -7.6, -0.5
18.0, -0.1, 14.0, 0.1
18.0, -0.1, 14.0, 0.4
18.0, 0.1, -6.4, -0.5
17.3, -0.1, 10.1, 0.4
18.4, -0.2, 13.6, 0.1
17.2, -0.2, 14.0, 0.2
20.0, -0.1, -8.5, 0.5
20.0, 0.0, 7.0, 0.4
18.0, 0.1, 20.0, 0.4
16.5, -0.1, -10.8, -0.5
18.4, 0.4, 20.0, 0.5
18.0, -0.5, -7.4, 0.5
-20.0, -0.2, -20.0, -0.5
20.0, -0.1, 10.1, -0.4
18.4, -0.2, 14.0, -0.2
-20.0, -0.2, -20.0, -0.5
20.0, -0.1, 10.1, -0.4
-20.0, -0.2, -20.0, -0.5
-18.0, 0.0, -20.0, 0.5
16.3, 0.1, -8.3, -0.5
17.4, -0.0, -4.5, -0.5
-18.0, 0.1, -6.4, -0.8
18.0, -0.1, 14.0, 0.4
18.0, -0.2, -6.4, -0.5
18.4, -0.1, 7.0, 0.4
20.0, -0.2, 14.0, 0.1
18.4, 0.4, 20.0, 0.5
16.3, -0.1, 20.0, 0.5
16.5, 0.1, 20.0, -0.5
18.4, -0.2, 20.0, 0.5
20.0, 0.1, 13.6, 0.1
18.4, -0.2, 10.1, -0.4
-19.8, -0.0, 20.0, -0.5
11.0, 0.1, -8.5, -0.6
-19.8, -0.0, -20.0, -0.4
-20.0, -1.0, -7.0, 0.4
18.4, 0.1, -8.5, -0.5
18.0, 0.0, 8.7, 0.8
18.4, 0.4, 14.0, 0.4
18.0, -0.1, 20.0, 0.5
18.4, 0.2, 11.7, 0.1
18.4, -0.1, 20.0, 0.5
18.4, -0.2, 13.6, 0.1
18.4, -0.4, 18.2, -0.4
-18.4, -0.3, -6.0, 0.8
18.4, -0.3, -6.0, 0.6
11.6, 0.2, -20.0, -0.5
-20.0, 0.1, -8.5, -0.6
11.0, 0.1, -8.5, -0.6
20.0, 0.1, -8.0, -0.5
16.5, -0.1, -8.5, -0.6
-11.0, 0.1, 20.0, 0.5
18.0, 0.1, 14.0, 0.1
18.4, 0.2, -4.3, -0.5
18.4, -0.2, 14.0, -0.1
20.0, -0.2, 14.0, 0.1
-17.3, 0.0, -20.0, 0.5
-18.0, 0.0, -20.0, 0.5
20.0, 0.1, -8.5, -0.3
17.1, -0.1, 7.0, 0.4
18.0, 0.1, -6.4, -0.7
18.0, -0.4, -7.4, 0.6
-18.0, 0.3, 14.0, 0.1
18.4, -0.2, 8.5, -0.5
18.0, 0.1, -8.5, -0.6
11.0, -0.1, 10.1, 0.7
8.4, 0.1, -8.5, -0.5
13.4, -0.1, 20.0, 0.5
8.4, 0.1, 18.0, 0.7
-20.0, -0.4, -8.5, -0.5
18.4, 0.3, -8.5, -0.5
20.0, 0.2, 13.6, 0.1
20.0, 0.1, -8.0, -0.5
-20.0, 0.0, -8.5, -0.5
20.0, 0.1, -10.8, 0.5
18.0, 0.1, -8.0, -0.5
20.0, 0.0, -8.5, -0.6
11.0, 0.1, -8.5, -0.5
18.4, -0.5, -7.6, -0.5
16.3, -0.1, 20.0, 0.6
18.4, -0.3, 20.0, -0.5
19.2, -0.1, -6.0, 0.8
17.3, -0.2, 20.0, -0.5
18.4, -0.2, 11.3, 0.1
18.4, -0.4, 20.0, 0.5
-18.0, -0.3, -6.0, 0.8
18.4, 0.4, -20.0, -0.5
-19.4, -0.2, 20.0, 0.5
16.5, -0.1, 17.9, 0.7
20.0, -0.2, 14.0, 0.1
18.0, -0.1, 10.1, 0.6
20.0, 0.1, -6.4, -0.5
11.0, 0.1, 7.0, 0.4
20.0, -0.1, -8.5, -0.6
18.0, -0.0, 10.1, -0.4
20.0, -0.1, -8.5, -0.5
-19.8, -0.0, -20.0, -0.5
20.0, -0.1, 7.0, 0.4
20.0, 0.0, -8.5, -0.5
18.4, -0.4, 20.0, -0.4
18.4, -0.2, 14.0, 0.1
11.0, 0.1, -8.5, -0.6
16.3, -0.1, 20.0, 0.5
18.0, 0.1, -8.5, -0.5
18.4, -0.2, 14.0, 0.1
17.3, -0.3, -6.0, 0.8
11.0, 0.1, 6.0, 0.4
20.0, 0.1, -8.0, -0.5
18.4, -0.4, 18.2, -0.4
-19.8, -0.0, -20.0, -0.4
8.3, 0.1, -8.5, -0.6
18.0, 0.1, 20.0, -0.4
18.0, -0.5, -7.4, 0.8
19.7, -0.5, -7.4, 0.5
20.0, -0.0, -8.5, -0.5
20.0, -0.3, -8.5, -0.7
20.0, 0.1, 14.6, 0.1
20.0, 0.1, -8.0, -0.5
18.4, 0.4, -19.2, -0.5
18.4, 0.4, -18.7, -0.5
-20.0, -0.1, -8.5, 0.6
18.0, 0.1, -8.5, -0.6
18.4, -0.2, 14.0, 0.1
18.4, -0.2, 14.0, -0.2
19.3, -0.2, -14.0, 0.1
18.4, 0.2, -4.3, -0.5
18.4, -0.2, -20.0, -0.3
-20.0, -0.2, 14.0, -0.2
-20.0, 0.1, -20.0, -0.5
20.0, 0.1, -8.0, -0.5
20.0, 0.0, -8.5, -0.9
20.0, 0.2, -8.0, -0.5
16.5, 0.1, 20.0, -0.5
-20.0, -0.2, -20.0, -0.5
17.3, 0.0, -8.5, 0.5
-20.0, -0.2, 20.0, -0.5
18.4, -0.2, 20.0, 0.5
18.4, -0.2, 11.3, 0.1
18.4, 0.2, -14.0, -0.2
18.4, -0.2, -4.3, -0.5
20.0, -0.1, -8.5, -0.5
-19.8, -0.0, 20.0, -0.5
17.3, -0.2, 20.0, -0.5
-18.9, -0.2, -20.0, -0.5
18.4, -0.1, 7.0, 0.4
20.0, 0.4, -20.0, -0.5
13.9, 0.1, 7.0, 0.4
18.0, -0.1, 20.0, 0.5
-19.8, -0.0, 20.0, -0.5
17.9, 0.1, 20.0, -0.5
17.7, 0.1, 20.0, -0.5
18.4, -0.4, 18.2, 0.4
18.0, 0.1, -8.0, -0.5
20.0, -0.1, 20.0, 0.5
18.0, 0.0, 20.0, -0.5
-19.8, -0.0, 14.0, 0.1
20.0, 0.2, 11.3, 0.1
18.4, -0.2, -20.0, -0.5
20.0, -0.2, -8.5, -0.6
20.0, 0.0, -20.0, 0.5
-20.0, -0.2, -8.0, -0.5
20.0, 0.1, -20.0, -0.5
20.0, -0.1, -8.5, -0.3
20.0, 0.1, -8.5, -0.5
-19.8, -0.0, -20.0, -0.4
11.8, 0.2, 20.0, 0.5
20.0, 0.1, -8.5, -0.8
11.0, 0.1, -8.5, -0.5
-19.8, -0.0, 20.0, -0.7
-20.0, -0.2, -20.0, -0.5
17.3, -0.2, -7.4, 0.5
17.5, -0.3, 20.0, -0.5
-18.4, 0.4, -17.0, -0.5
20.0, -0.1, -8.5, -0.5
18.0, -0.1, -8.9, 0.5
18.0, -0.5, 14.0, 0.1
20.0, -0.2, -20.0, -0.5
20.0, 0.1, -8.0, -0.5
15.4, 0.1, 20.0, -0.2
18.4, 0.2, -4.3, -0.5
-19.8, -0.0, 20.0, -0.5
18.4, -0.4, 20.0, 0.5
16.5, -0.1, 20.0, -0.5
18.4, 0.1, 20.0, 0.5
-20.0, -0.2, -6.0, 0.8
-18.4, 0.0, -8.5, -0.5
-20.0, -0.2, -8.5, -0.6
-20.0, -0.2, -20.0, -0.5
20.0, 0.1, -8.0, -0.8
13.4, -0.1, 20.0, 0.5
-20.0, 0.1, 20.0, -0.5
16.5, -0.3, -20.0, -0.5
20.0, -0.1, 7.0, 0.0
18.0, -0.0, 10.1, -0.4
16.1, 0.1, 20.0, 0.4
20.0, 0.1, -10.8, 0.5
20.0, 0.1, -8.5, -0.6
-20.0, -0.3, -8.5, -0.6
20.0, -0.4, 20.0, 0.5
18.4, 0.1, -8.0, -0.5
-19.8, -0.0, -8.5, -0.6
-20.0, 0.1, 18.7, -0.6
-20.0, -0.2, 13.6, 0.1
20.0, 0.1, -20.0, -0.5
20.0, 0.1, -8.0, -0.4
-19.8, -0.0, -20.0, -0.8
20.0, 0.4, -17.0, -0.5
-18.4, 0.4, -20.0, -0.5
-18.9, 0.1, -6.8, -0.8
20.0, 0.2, -20.0, -0.5
18.0, -0.4, 20.0, 0.5
20.0, 0.0, 20.0, -0.5
20.0, 0.1, 14.6, 0.1
20.0, -0.1, 7.0, -0.1
20.0, -0.1, 20.0, 0.5
15.6, -0.1, -8.5, -0.8
-19.8, -0.0, 14.0, 0.1
20.0, 0.1, -8.0, -0.4
18.0, -0.5, 14.0, 0.3
18.4, 0.0, -18.7, -0.5
20.0, 0.1, -8.5, -0.6
18.0, 0.1, -8.5, -0.6
18.4, -0.2, 14.0, -0.2
15.4, 0.1, 20.0, -0.2
13.4, -0.1, 20.0, -0.7
-19.8, -0.0, 20.0, 0.7
18.4, -0.1, 20.0, 0.5
18.0, 0.4, -14.0, -0.2
-20.0, -0.2, -20.0, 0.5
20.0, 0.0, -6.0, 0.8
18.4, 0.4, -18.7, -0.2
20.0, 0.1, -19.8, -0.5
-19.8, -0.0, 20.0, -0.5
20.0, 0.1, -20.0, -0.4
-20.0, -0.2, 18.7, -0.6
-20.0, 0.1, 20.0, -0.5
18.4, -0.0, 20.0, -0.7
-19.8, 0.2, -4.3, -0.5
-19.8, -0.1, 20.0, 0.5
18.0, -0.0, -20.0, -0.4
-20.0, 0.1, -20.0, -0.5
20.0, -0.2, 18.7, -0.3
20.0, 0.0, 7.0, 0.0
20.0, -0.1, -20.0, 0.5
17.7, 0.1, -8.5, -0.8
20.0, 0.1, 20.0, -0.5
20.0, 0.1, -20.0, -0.4
-19.8, -0.0, -8.5, -0.6
18.0, -0.1, 20.0, 0.5
20.0, 0.1, -8.5, -0.8
20.0, 0.5, -8.5, -0.6
20.0, 0.1, 8.5, -0.2
18.4, 0.2, -15.3, -0.0
18.4, -0.2, 20.0, 0.5
-20.0, 0.4, -18.7, -0.5
18.4, 0.1, -20.0, -0.5
16.5, 0.4, -20.0, -0.5
20.0, 0.1, 20.0, -0.5
20.0, 0.4, -19.2, -0.5
18.4, 0.4, -20.0, -0.5
18.4, -0.2, 20.0, 0.5
20.0, -0.4, 11.3, 0.1
20.0, 0.0, -20.0, 0.6
20.0, -0.0, -20.0, 0.6
20.0, -0.0, -20.0, -0.4
-19.8, 0.2, -14.4, -0.3
15.4, -0.1, -20.0, -0.5
20.0, -0.1, 20.0, -0.2
16.5, -0.5, -7.4, 0.8
-17.7, -0.2, 20.0, -0.5
13.4, -0.1, -20.0, -0.2
-20.0, 0.4, 20.0, 0.5
-20.0, 0.1, 20.0, -0.2
15.4, -0.1, 18.7, -0.6
18.0, -0.1, 20.0, 0.5
18.4, 0.4, -18.7, -0.5
-19.8, -0.0, 14.6, 0.1
20.0, 0.1, -20.0, -0.4
18.0, -0.6, 7.0, -0.1
20.0, -0.1, 7.4, 0.8
18.0, -0.1, -8.9, 0.5
18.0, 0.1, -8.5, -0.6
-18.9, -0.2, 10.1, -0.4
18.0, -0.0, -20.0, -0.5
18.4, 0.4, 15.7, 0.1
20.0, 0.4, -18.7, -0.5
20.0, 0.1, -8.5, -0.5
-19.8, 0.2, 20.0, 0.7
-19.8, -0.4, -20.0, -0.4
18.0, -0.1, 20.0, 0.3
-20.0, 0.1, -20.0, -0.5
16.0, -0.1, 20.0, -0.5
-19.8, 0.0, -20.0, 0.5
20.0, -0.0, 20.0, -0.7
-20.0, -0.0, -20.0, -0.4
20.0, -0.4, 20.0, 0.5
20.0, 0.1, -7.4, 0.8
18.0, -0.5, -20.0, 0.5
20.0, 0.0, -8.5, -0.6
20.0, 0.1, -20.0, -0.5
-19.8, -0.0, -8.5, -0.6
20.0, 0.1, -20.0, -0.4
18.3, 0.1, -20.0, -0.5
-20.0, -0.2, 14.6, 0.1
18.4, -0.0, -16.2, -0.2
18.4, -0.2, -20.0, -0.5
17.7, 0.1, -8.5, -0.4
18.0, 0.1, -8.5, -0.8
20.0, 0.0, -8.5, -0.6
18.0, 0.1, -10.8, -0.6
18.0, -0.0, 20.0, 0.5
-19.8, -0.1, -20.0, -0.4
18.4, -0.0, 18.7, -0.3
20.0, -0.2, 20.0, -0.7
-17.8, 0.1, -19.8, -0.5
17.5, -0.0, 14.0, 0.1
20.0, -0.2, -20.0, -0.9
20.0, 0.1, 18.7, -0.3
17.7, 0.1, 14.6, 0.1
-20.0, -0.0, -8.5, -0.8
-19.8, 0.2, -14.4, -0.6
-20.0, -0.3, -8.5, -0.6
-20.0, 0.1, -20.0, -0.5
18.3, 0.1, -20.0, -0.5
20.0, -0.2, -20.0, 0.5
20.0, -0.4, 20.0, 0.5
18.0, -0.3, 20.0, 0.5
20.0, 0.1, -8.5, -0.7
18.0, -0.0, 20.0, -0.5
20.0, 0.1, -8.5, -0.6
20.0, 0.5, 8.5, -0.2
20.0, -0.1, -10.4, -0.3
-19.8, 0.1, -19.8, -0.5
20.0, -0.0, 14.6, 0.1
20.0, 0.1, 8.5, -0.0
19.1, 0.0, -20.0, 0.6
-19.8, 0.2, -14.4, -0.3
18.0, 0.1, -8.7, -0.6
20.0, 0.0, 20.0, -0.5
20.0, 0.5, -8.5, -0.6
18.1, -0.1, 7.0, -0.1
20.0, -0.1, 20.0, -0.2
20.0, 0.1, 8.5, -0.2
20.0, -0.7, 20.0, 0.5
20.0, 0.1, -20.0, -0.5
-19.8, -0.4, -17.3, -0.5
20.0, -0.0, 14.6, 0.1
-19.8, 0.2, -17.0, -0.5
18.0, -0.1, 7.0, -0.1
20.0, -0.1, 20.0, 0.3
18.4, 0.5, -6.0, -0.6
-20.0, 0.0, -16.2, -0.2
18.4, 0.4, -17.5, -0.5
20.0, 0.4, 15.7, 0.1
-19.8, -0.0, -18.7, -0.5
20.0, 0.4, 14.6, 0.1
20.0, 0.1, 20.0, -0.5
20.0, 0.1, 8.5, -0.2
18.0, -0.4, 18.7, -0.3
20.0, -0.2, 20.0, 0.5
20.0, -0.1, 20.0, -0.2
18.4, -0.0, 20.0, -0.7
20.0, -0.1, -8.9, 0.5
18.0, 0.1, -8.5, -0.6
-18.9, 0.1, -6.8, -0.8
18.3, 0.1, -20.0, -0.5
20.0, 0.0, -8.5, -0.6
20.0, 0.3, 20.0, -0.5
18.6, 0.1, -8.5, -0.6
-20.0, 0.1, -17.2, 0.5
20.0, 0.2, 7.0, 0.1
20.0, 0.3, -19.8, -0.5
20.0, 0.5, -8.5, -0.6
20.0, -0.1, 7.0, -0.1
20.0, 0.1, 14.6, 0.1
20.0, 0.1, 8.5, -0.1
20.0, -0.2, 20.0, -0.4
20.0, -0.1, 7.0, -0.1
18.0, -0.1, -8.9, 0.5
20.0, 0.0, 20.0, -0.5
19.8, 0.2, -14.4, -0.3
-19.8, -0.4, -19.1, -0.4
15.4, 0.1, 20.0, -0.2
18.0, 0.1, -8.5, -0.6
-19.8, -0.0, 14.6, 0.1
18.3, 0.1, -20.0, -0.5
20.0, 0.1, 14.0, 0.1
-19.8, -0.0, 14.6, 0.1
-18.0, -0.1, 20.0, 0.3
20.0, 0.0, -20.0, 0.5
-20.0, 0.0, 20.0, -0.4
18.4, -0.0, 20.0, -0.7
20.0, -0.4, -20.0, -0.5
18.3, 0.1, 20.0, 0.5
20.0, 0.5, -8.5, -0.6
20.0, 0.1, 8.5, -0.2
17.4, 0.1, -20.0, -0.5
18.3, 0.1, -8.5, -0.8
18.4, -0.4, -20.0, -0.7
18.4, 0.2, -16.2, -0.2
20.0, 0.1, 20.0, -0.7
18.4, -0.2, -8.5, -0.8
18.6, 0.1, -4.3, -0.5
-19.8, 0.2, -7.6, -0.6
20.0, 0.1, -20.0, 0.5
18.3, 0.4, -17.0, -0.5
20.0, 0.1, -17.2, 0.7
-20.0, -0.4, 20.0, 0.5
18.4, -0.0, 20.0, -0.7
20.0, 0.1, 20.0, -0.7
-19.8, 0.2, 12.4, 0.1
19.8, -0.0, -7.6, -0.6
18.0, 0.1, -8.5, -0.6
18.0, 0.1, -10.8, -0.6
20.0, 0.2, -20.0, 0.5
20.0, 0.0, -14.4, -0.3
18.1, 0.4, 15.7, 0.1
20.0, -0.0, 18.7, -0.3
20.0, 0.0, -18.8, -0.5
-19.8, 0.1, -20.0, 0.5
20.0, 0.1, 20.0, -1.0
20.0, 0.1, 8.5, -0.2
18.0, -0.1, 7.0, -0.1
18.1, 0.1, -10.8, 0.6
-19.8, 0.1, 19.8, -0.5
18.0, 0.3, 8.5, -0.6
18.1, 0.1, -19.8, -0.7
-19.8, -0.1, 7.0, -0.1
-19.8, -0.0, 18.7, -0.3
18.4, -0.0, 12.2, -0.1
-18.0, -0.1, 20.0, 0.3
-19.8, 0.2, -7.6, -0.6
-18.3, 0.5, 8.5, -0.2
20.0, 0.2, -20.0, -0.5
18.4, 0.2, -14.4, -0.3
19.8, 0.2, -18.3, -0.2
20.0, 0.1, 8.5, -0.2
-17.8, 0.1, -19.3, -0.5
18.6, 0.1, -4.3, -0.1
20.0, -0.1, 7.0, 0.1
18.0, 0.4, 20.0, -0.7
18.4, -0.0, -8.5, -0.6
20.0, 0.1, -19.8, -0.5
-17.8, 0.3, 9.4, -0.2
18.6, 0.1, 7.0, -0.1
20.0, -0.1, -4.3, -0.5
20.0, 0.0, -19.8, -0.5
-19.4, 0.1, 20.0, -0.7
20.0, -0.1, 7.0, -0.1
20.0, 0.1, 20.0, -0.7
-19.8, -0.1, 20.0, 0.3
-18.0, 0.1, -19.8, -0.5
-20.0, 0.1, -17.2, 0.5
20.0, 0.5, 8.5, -0.3
-19.8, 0.1, -8.5, -0.4
18.0, -0.1, 20.0, 0.4
20.0, 0.2, -16.2, -0.2
18.1, -0.4, 20.0, 0.5
18.4, 0.1, 15.7, -0.3
18.4, 0.1, 18.7, -0.3
20.0, -0.1, -17.7, -0.5
18.3, 0.4, 14.6, 0.1
18.1, -0.1, 20.0, 0.4
-18.0, 0.0, 7.1, -0.1
18.1, 0.2, 20.0, -0.2
20.0, 0.1, 7.0, -0.1
20.0, -0.1, 20.0, -0.2
20.0, 0.3, 19.1, -0.5
18.0, -0.1, 20.0, 0.3
-18.0, -0.1, 7.0, -0.1
18.4, -0.0, 18.7, -0.3
20.0, 0.1, 18.7, -0.3
20.0, -0.1, 4.0, -0.1
20.0, -0.1, 4.8, -0.2
-19.8, 0.2, -5.7, -0.6
20.0, 0.1, 18.3, -0.7
18.3, -0.1, -17.2, 0.5
-20.0, 0.1, -20.0, -0.5
20.0, -0.5, 8.5, -0.2
20.0, 0.0, -20.0, 0.5
-19.8, -0.0, 14.6, 0.1
18.1, -0.1, 7.0, -0.1
19.8, -0.4, 14.6, 0.1
18.8, 0.6, -14.4, -0.3
-19.8, 0.1, 20.0, 0.3
-18.0, -0.1, 19.8, -0.5
20.0, -0.1, 8.5, -0.0
20.0, 0.1, 7.0, -0.1
20.0, -0.1, 7.0, -0.1
20.0, 0.1, 20.0, -0.7
19.8, 0.2, 20.0, 0.5
20.0, -0.4, -14.4, 0.0
-20.0, 0.1, 20.0, -1.0
20.0, -0.3, -19.8, -0.5
-19.8, -0.1, -20.0, -0.5
17.1, 0.1, -20.0, -0.4
17.1, 0.1, -13.1, -0.6
18.0, 0.4, 15.7, 0.1
-20.0, 0.1, -17.2, 0.5
20.0, 0.1, 18.7, -0.3
18.0, -0.1, -20.0, 0.5
20.0, -0.2, 7.0, -0.1
-18.0, -0.1, 20.0, 0.3
20.0, -0.1, 7.0, -0.1
-18.0, -0.1, -20.0, 0.8
20.0, -0.2, 20.0, 0.3
-19.8, 0.1, 20.0, 0.3
-19.8, 0.1, -20.0, 0.8
20.0, -0.1, 20.0, 0.3
18.0, -0.2, 20.0, 0.3
18.4, 0.2, -5.7, -0.6
-19.8, 0.1, -14.4, -0.3
-19.8, 0.0, 7.1, -0.1
-18.0, -0.1, 20.0, 0.3
-18.0, -0.1, 20.0, 0.3
-19.8, 0.1, 20.0, 0.0
-19.8, -0.1, -19.8, -0.5
20.0, 0.1, 7.0, -0.1
-18.0, -0.1, -8.3, -0.6
18.0, 0.1, 20.0, 0.6
-19.4, 0.1, 20.0, -0.5
20.0, 0.1, -10.8, -0.6
-19.8, -0.1, 20.0, -0.3
18.4, -0.0, 7.0, 0.1
-19.8, 0.3, 19.1, -0.5
20.0, -0.1, 20.0, 0.3
-19.8, 0.1, 7.0, -0.1
20.0, 0.2, -7.6, -0.6
-18.0, 0.0, 7.1, -0.1
18.0, -0.1, 20.0, 0.3
20.0, 0.2, -20.0, 0.8
20.0, 0.2, -16.2, -0.3
-19.8, -0.1, 20.0, 0.3
18.0, -0.1, 20.0, 0.3
18.0, 0.4, 20.0, -0.7
-19.8, 0.1, 20.0, 0.3
-19.4, 0.1, 7.0, -0.1
18.6, 0.1, 20.0, -0.7
-18.0, -0.0, 12.2, -0.1
18.4, 0.0, 7.1, -0.1
20.0, -0.2, 20.0, 0.3
-19.8, -0.1, 20.0, 0.3
-18.0, -0.1, 20.0, 0.5
-20.0, -0.4, 20.0, 0.3
20.0, 0.1, -20.0, 0.5
-19.8, 0.0, -20.0, 0.5
18.6, 0.1, 4.8, -0.2
20.0, -0.1, 7.0, -0.1
-18.4, 0.2, -14.4, -0.3
18.4, -0.0, 12.2, 0.1
18.0, 0.4, 20.0, -0.7
18.0, -0.4, 20.0, 0.3
-19.8, 0.1, 19.8, -0.5
-19.8, 0.2, -7.6, -0.5
20.0, 0.1, -4.3, 0.2
18.6, 0.1, -19.8, -0.5
18.0, 0.0, -20.0, -0.5
20.0, 0.1, -10.8, -0.5
20.0, 0.3, 19.1, -0.5
18.4, 0.2, -14.4, -0.3
-19.8, 0.2, -5.7, -0.6
-19.8, 0.1, -20.0, 0.5
-20.0, 0.1, -7.6, -0.9
-19.8, 0.2, -17.2, 0.5
-19.8, -0.1, -20.0, -0.1
20.0, 0.3, 16.5, -0.5
-19.8, 0.1, -19.1, -0.5
-19.8, -0.1, -20.0, 0.5
18.0, 0.1, -10.8, -0.6
20.0, 0.1, 7.0, -0.1
20.0, -0.2, 15.7, 0.1
18.1, 0.7, 7.0, -0.1
19.8, -0.1, 20.0, -0.7
-19.4, 0.1, 7.0, 0.1
18.4, 0.2, 12.4, 0.1
-19.8, 0.2, -14.4, -0.3
18.4, -0.0, 7.0, 0.1
20.0, -0.1, 12.2, -0.1
-19.8, 0.1, -19.5, 0.5
-19.8, -0.5, 20.0, 0.1
-19.8, -0.2, -16.2, -0.2
20.0, -0.0, 14.6, 0.1
18.4, -0.0, -5.7, -0.6
-19.8, 0.1, 18.7, -0.3
-18.0, 0.1, 12.4, 0.1
-19.8, 0.2, -19.8, -0.6
18.0, 0.1, -18.3, 0.5
-20.0, 0.1, -10.8, -0.6
18.0, 0.4, 20.0, -0.7
19.6, -0.1, -7.0, 0.1
-19.4, 0.1, -5.7, -0.6
-19.8, 0.2, 20.0, -0.7
-19.8, -0.1, -20.0, 0.5
18.1, 0.4, 15.7, -0.1
18.0, 0.2, -5.7, -0.6
-19.8, -0.2, 20.0, 0.3
18.4, -0.0, 20.0, -0.0
20.0, -0.2, 18.7, -0.3
19.8, 0.1, 20.0, 0.3
-19.8, -0.1, 20.0, 0.3
-18.0, 0.0, 7.1, -0.1
-18.0, -0.1, 7.0, -0.1
-19.8, -0.1, 20.0, 0.3
18.0, 0.1, 19.0, -0.5
18.4, 0.1, 20.0, -0.7
-19.4, -0.1, -14.4, -0.3
-18.0, 0.4, 20.0, -0.7
18.0, 0.1, 12.4, 0.1
-19.4, 0.1, 7.0, -0.1
-19.8, 0.2, -5.7, -0.8
-19.8, -0.2, -16.2, 0.2
-19.8, 0.2, 20.0, -0.7
-20.0, 0.1, 19.0, 0.3
20.0, -0.2, 20.0, 0.3
-18.0, -0.1, 20.0, 0.5
-19.8, 0.2, 20.0, -0.7
20.0, 0.2, -17.2, 0.5
-19.8, 0.2, -20.0, 0.8
-19.8, -0.1, 16.5, -0.5
17.8, 0.3, 20.0, 0.3
18.4, 0.2, -5.7, -0.6
-19.4, 0.1, 20.0, -0.5
-19.4, 0.1, 20.0, 0.3
-19.8, 0.1, 20.0, -0.5
-18.0, -0.2, 20.0, 0.3
20.0, -0.2, 20.0, 0.5
-19.4, 0.1, -14.4, -0.3
18.4, 0.2, 17.7, -0.5
20.0, 0.3, 16.5, -0.5
-20.0, 0.2, -19.8, -0.6
-19.8, 0.1, -19.8, 0.5
18.6, 0.2, 20.0, -0.7
-18.0, 0.1, 19.3, -0.7
18.6, -0.1, 20.0, 0.5
18.0, 0.2, 20.0, -0.7
-19.8, 0.2, -5.7, -0.6
18.0, -0.1, 20.0, 0.5
-18.0, 0.4, 20.0, -0.7
-19.4, -0.1, 20.0, 0.3
-19.8, 0.1, -14.4, -0.3
-19.8, 0.1, 20.0, 0.3
-19.8, 0.1, -16.7, 0.5
-19.8, 0.1, 20.0, 0.3
-19.8, 0.2, -17.2, 0.5
-18.0, -0.1, 10.9, -0.1
20.0, 0.0, 7.1, -0.1
18.4, 0.1, 19.8, -0.5
-19.8, 0.6, 12.4, 0.1
-18.4, -0.0, 20.0, -0.7
18.0, 0.4, 7.0, 0.1
-18.0, -0.1, -14.4, -0.3
-19.4, 0.1, 12.4, 0.1
18.6, 0.1, 20.0, -0.7
-18.0, 0.0, 7.1, -0.1
-18.0, 0.1, 12.4, 0.1
-19.8, 0.1, 20.0, 0.3
-19.8, 0.2, -16.7, -0.3
20.0, 0.3, 16.5, -0.5
20.0, 0.3, 19.1, -0.5
-19.8, 0.2, -5.7, -0.6
-19.4, -0.1, -14.4, -0.6
18.0, -0.1, 19.1, 0.3
-19.4, 0.1, 20.0, 0.3
-18.0, 0.0, 7.1, 0.1
20.0, 0.2, -16.5, -0.3
-20.0, -0.1, 20.0, 0.3
-19.8, 0.1, -17.7, 0.5
-19.8, 0.2, -17.2, 0.5
-19.2, 0.2, -17.2, 0.5
-19.8, 0.1, -19.5, 0.5
20.0, -0.1, 9.3, -0.1
20.0, -0.2, 20.0, 0.3
18.6, 0.1, 19.0, 0.5
18.0, 0.1, 20.0, -0.7
19.8, 0.2, 20.0, 0.1
-19.8, 0.1, -14.4, -0.2
18.4, -0.0, -10.8, -0.6
18.0, 0.3, 7.0, 0.1
-19.8, 0.1, 7.0, -0.0
-19.8, 0.1, 20.0, 0.3
-18.0, 0.2, 7.1, -0.1
-20.0, -0.1, 13.4, -0.1
-18.0, 0.1, 20.0, 0.3
20.0, -0.2, 12.4, 0.1
-18.0, 0.0, 7.1, -0.1
18.0, 0.4, 20.0, -0.7
18.0, 0.2, -17.2, 0.5
-19.8, 0.4, 20.0, -0.7
18.0, -0.1, -14.4, -0.3
-19.4, -0.1, 20.0, 0.5
-19.8, 0.2, -5.7, -0.6
18.4, 0.2, -14.4, -0.3
17.7, 0.2, 20.0, -0.7
18.4, 0.1, -5.7, -0.6
20.0, -0.1, 20.0, -0.7
18.4, 0.2, -16.2, -0.3
18.6, 0.1, 20.0, -0.7
18.4, 0.1, 4.8, -0.2
20.0, -0.1, 20.0, 0.3
-19.8, 0.2, -20.0, 0.6
-19.8, -0.1, -20.0, -0.1
-19.8, -0.1, -20.0, 0.5
-19.4, -0.1, -5.7, -0.6
-19.8, 0.2, 20.0, 0.5
-19.8, 0.2, 20.0, -0.7
20.0, -0.2, 20.0, 0.3
-18.0, 0.4, 20.0, -0.7
-18.0, -0.1, -10.9, -0.1
-19.8, -0.1, -20.0, 0.8
18.0, 0.3, 7.0, 0.1
-20.0, 0.1, 18.3, 0.3
-19.4, 0.1, -19.5, 0.5
-18.6, 0.2, 20.0, -0.6
17.0, -0.2, 20.0, -0.7
-19.0, 0.2, -20.0, 0.6
-19.8, 0.3, -20.0, 0.6
-19.4, -0.1, -16.6, -0.6
-19.4, -0.1, -14.0, -0.6
-18.0, -0.1, 20.0, -0.3
-18.0, -0.2, 10.9, -0.1
-20.0, -0.1, -5.7, -0.6
-19.4, -0.1, 13.4, 0.1
-20.0, 0.2, 20.0, -0.7
17.7, 0.2, -19.8, -0.6
-19.8, -0.1, 20.0, -0.7
17.7, 0.2, -20.0, -0.1
-18.0, 0.1, 20.0, 0.3
-19.4, -0.1, 9.1, -0.1
20.0, 0.1, 7.0, -0.1
-19.4, 0.1, 9.6, 0.0
-18.0, -0.1, -20.0, 0.6
19.8, 0.2, 20.0, 0.5
-19.8, -0.1, -20.0, -0.1
-20.0, -0.1, 13.4, -0.1
-18.0, -0.1, 10.9, -0.1
-18.0, -0.2, 20.0, 0.3
-20.0, 0.2, -14.4, -0.6
-19.4, -0.4, -20.0, -0.6
-19.8, 0.2, -17.2, 0.5
-18.0, 0.1, 19.3, -0.7
-18.0, 0.4, -20.0, -0.1
-19.8, -0.1, 20.0, -0.7
18.0, 0.1, -7.2, -0.6
18.4, 0.2, 12.4, 0.1
-19.8, -0.2, 20.0, 0.3
-18.0, 0.1, -15.1, 0.5
20.0, 0.2, -16.5, -0.4
20.0, 0.2, -16.5, -0.3
-19.9, 0.2, -19.5, 0.5
-19.8, 0.1, -20.0, 0.6
-17.6, 0.1, 20.0, -0.5
-19.4, -0.1, 5.7, 0.6
-18.0, -0.1, 10.9, -0.1
-19.8, 0.2, -20.0, 0.8
-18.0, -0.1, -20.0, 0.3
-18.0, -0.2, 18.8, 0.5
-18.0, 0.1, -19.5, 0.5
19.8, -0.1, 18.3, 0.5
-19.8, -0.2, 16.2, 0.2
20.0, 0.2, -16.5, -0.3
-18.0, 0.1, 12.4, 0.1
-18.0, 0.4, 20.0, -1.0
-18.0, 0.1, 20.0, -0.5
-19.4, -0.2, 20.0, 0.3
-19.8, 0.1, 12.4, 0.1
-18.0, -0.1, -20.0, -0.1
20.0, 0.2, -16.5, -0.7
-19.8, 0.2, -20.0, 0.6
-19.8, 0.1, -20.0, 0.5
-19.4, 0.1, -19.5, 0.5
-19.4, 0.1, 20.0, 0.5
-19.4, -0.1, -15.3, -0.3
18.6, 0.2, 20.0, -0.7
-19.0, -0.1, -5.7, -0.6
-15.3, 0.2, -19.8, -0.6
-20.0, 0.2, -12.2, -0.3
-16.7, 0.1, 20.0, 0.3
-19.4, 0.1, 20.0, -0.0
-19.0, 0.1, -20.0, -0.5
-19.4, 0.1, 20.0, -0.9
15.4, 0.2, -5.7, -0.6
-19.8, 0.7, 20.0, -0.7
18.0, 0.3, 7.0, 0.3
-18.0, -0.1, 20.0, 0.5
-19.8, -0.1, -14.4, -0.3
-18.0, 0.4, 20.0, -0.7
-18.4, 0.3, -19.8, -0.6
-19.8, 0.1, -16.7, 0.4
-18.0, 0.1, 14.4, -0.3
-19.2, 0.2, -17.2, 0.5
-18.0, 0.2, 19.9, 0.3
-19.8, 0.2, -5.7, -0.8
-20.0, -0.1, 20.0, -0.5
-19.4, 0.1, -13.4, -0.1
-18.0, -0.2, -12.4, 0.1
-18.0, 0.1, 20.0, 0.3
-20.0, -0.1, -5.7, -0.6
-19.4, -0.1, 20.0, 0.5
-19.8, 0.2, -20.0, 0.6
-19.8, -0.1, -20.0, -0.1
-18.0, 0.4, -16.5, -0.3
20.0, 0.2, 20.0, -0.7
-19.4, -0.1, 7.0, 0.1
18.0, 0.1, 20.0, -0.5
-17.8, 0.2, -19.6, -0.5
-19.8, 0.1, 20.0, -0.5
-19.2, 0.2, -20.0, -0.1
-19.8, -0.1, -15.3, 0.5
-19.8, -0.2, -5.7, -0.6
20.0, -0.4, 20.0, 0.3
-19.8, 0.1, -20.0, 0.6
-18.0, -0.1, -20.0, 0.6
-18.0, 0.2, -17.2, 0.5
-19.2, 0.1, 20.0, 0.6
-19.2, 0.2, 12.4, 0.1
18.4, 0.2, -17.2, 0.5
-20.0, -0.1, 20.0, 0.3
-18.0, -0.4, -5.7, -0.6
-19.8, -0.2, 20.0, 0.2
-18.0, -0.2, -20.0, -0.1
16.0, -0.1, 20.0, -0.7
-19.8, 0.2, -19.8, -0.6
-19.4, -0.2, 20.0, 0.3
17.3, 0.2, 20.0, -0.3
-19.8, -0.1, -20.0, -0.1
-19.8, 0.2, -5.7, -0.8
-18.6, 0.2, -20.0, -0.1
-18.0, -0.1, 20.0, -0.6
-19.4, -0.5, -7.0, 0.1
-20.0, -0.1, 20.0, -0.5
-19.8, 0.2, -20.0, -0.1
-18.0, 0.2, -5.7, -0.8
-19.8, -0.1, -14.0, -0.6
-18.0, -0.1, -20.0, -0.1
-15.3, -0.2, 20.0, 0.3
-19.4, -0.1, -19.8, -0.5
-20.0, -0.1, -5.7, -0.6
18.0, 0.1, 14.4, -0.3
15.8, 0.2, 20.0, 0.3
-18.0, 0.1, -19.8, -0.6
-15.3, 0.2, -5.7, -0.8
-19.8, 0.2, 19.8, -0.9
-18.0, -0.1, -3.3, -0.6
-20.0, -0.1, -20.0, -0.3
20.0, 0.2, 16.5, -0.3
-18.0, -0.1, -10.9, -0.1
-19.4, -0.1, 20.0, -0.5
-19.2, -0.1, 20.0, 0.5
-19.8, 0.4, -20.0, 0.6
-15.4, -0.1, -20.0, -0.1
-16.4, -0.2, -19.8, -0.6
17.7, -0.1, -10.9, -0.1
-20.0, 0.2, 20.0, 0.5
-19.5, 0.1, -12.2, -0.3
-19.8, 0.1, -7.0, 0.1
-19.4, -0.1, -16.7, 0.4
-19.7, 0.1, -19.5, 0.5
-18.0, 0.1, -16.7, 0.4
-18.0, -0.1, 19.5, -0.3
-19.8, -0.3, 20.0, 0.3
17.7, 0.2, -5.7, -0.6
-20.0, -0.1, -19.8, -0.6
-20.0, -0.1, -6.5, -0.6
-20.0, 0.2, 20.0, -0.7
-19.4, -0.2, 20.0, 0.4
-19.8, 0.1, -20.0, 0.6
-20.0, 0.2, -12.2, -0.3
-18.6, 0.1, -20.0, 0.6
-18.0, -0.1, -14.0, -0.6
-19.4, -0.1, 10.9, -0.1
-20.0, -0.1, -20.0, 0.6
-18.0, 0.2, 20.0, -0.7
-19.4, 0.3, -14.0, -0.8
-17.5, -0.1, 20.0, 0.5
-19.8, -0.1, 20.0, -0.7
20.0, -0.1, 20.0, -0.5
-19.4, -0.1, -5.7, -0.6
-20.0, -0.1, 7.0, 0.1
-19.4, -0.1, -20.0, -0.1
-19.8, -0.2, 20.0, 0.3
-19.8, -0.3, 20.0, -0.5
-20.0, 0.1, -20.0, 0.5
-18.0, -0.1, 20.0, -0.7
-19.8, 0.1, 14.4, -0.3
-19.4, -0.1, 9.1, -0.1
-19.4, -0.1, -14.0, -0.6
-18.0, -0.1, 20.0, 0.7
-19.8, -0.1, -10.9, 0.1
-18.0, 0.1, 20.0, 0.5
-19.4, 0.1, 20.0, -0.5
-18.0, -0.1, -14.4, -0.3
-19.8, -0.1, -19.7, -0.1
-19.4, 0.4, 17.6, -1.0
-18.0, -0.1, 20.0, 0.5
18.0, -0.1, -20.0, -0.1
-19.1, -0.1, 10.9, -0.1
-18.0, -0.1, 20.0, -0.7
-20.0, 0.2, -10.9, -0.1
20.0, 0.2, 20.0, -0.7
-19.8, -0.1, -16.5, -0.3
-19.4, -0.1, -20.0, -0.1
-19.8, 0.1, 7.0, 0.5
-18.4, 0.2, -12.4, 0.1
-19.8, -0.1, 20.0, -0.1
-19.4, -0.1, -20.0, -0.1
-19.8, 0.1, 7.0, -0.1
-19.8, 0.1, 20.0, 0.6
-19.2, -0.1, -19.7, -0.1
-19.2, -0.1, -14.0, -0.6
-19.4, 0.1, 20.0, 0.6
-16.5, -0.1, 19.0, 0.6
-16.4, 0.1, 9.1, -0.1
-15.4, -0.1, -20.0, -0.1
20.0, -0.4, 20.0, 0.3
-20.0, 0.2, -12.2, 0.3
20.0, 0.2, 20.0, -0.7
19.8, -0.1, -19.8, -0.6
-20.0, -0.1, 20.0, -0.7
-18.0, -0.2, 10.9, -0.2
-19.1, -0.1, -20.0, -0.1
20.0, -0.4, 20.0, 0.3
-19.4, 0.2, 20.0, -0.1
-19.4, -0.2, 20.0, 0.3
-19.8, -0.1, -15.3, 0.5
-14.8, 0.1, 20.0, 0.3
-19.4, -0.2, -20.0, -0.1
-19.8, -0.1, -20.0, -0.1
-15.4, -0.2, -19.7, 0.1
-18.0, 0.1, 20.0, -0.7
-19.8, -0.1, -19.8, -0.6
20.0, 0.2, -10.9, -0.1
-20.0, 0.2, 16.5, -0.3
-20.0, 0.2, -12.7, -0.1
-19.8, 0.2, -5.7, -0.8
-18.8, 0.1, -18.4, 0.5
-19.7, -0.1, -19.8, -0.6
-19.4, -0.1, 9.1, -0.1
-17.7, -0.1, -20.0, -0.1
-18.0, 0.1, 18.2, 0.5
-18.0, -0.3, 20.0, 0.5
-20.0, -0.0, 20.0, 0.4
-19.4, 0.1, 20.0, -0.5
-19.2, 0.1, 20.0, 0.6
18.0, 0.1, 20.0, 0.5
-19.8, 0.5, -20.0, -0.1
-19.7, 0.1, -19.5, 0.5
-20.0, 0.2, -5.7, -0.8
-19.8, 0.4, -5.7, -0.5
-18.0, -0.1, 20.0, -0.7
-20.0, 0.5, -10.9, -0.1
-20.0, 0.1, -12.2, -0.3
-19.8, -0.0, 20.0, -0.1
-19.4, 0.2, 14.4, -0.3
-19.8, 0.1, -10.9, -0.1
17.3, 0.2, 20.0, -0.3
-20.0, -0.1, 20.0, -0.7
-18.0, 0.1, 20.0, 0.5
-15.4, -0.1, -20.0, -0.1
-19.8, 0.2, 20.0, 0.3
17.3, 0.2, -5.7, -0.8
18.6, 0.4, 20.0, 0.6
-19.2, 0.1, 20.0, -0.2
-19.4, -0.5, -14.0, -0.6
-19.4, 0.1, 7.0, 0.1
-19.8, 0.2, -20.0, -0.7
-18.0, 0.2, -7.3, -0.8
-18.0, 0.1, -20.0, 0.6
-19.8, 0.1, -10.9, -0.1
-20.0, 0.1, 10.9, -0.1
-19.1, -0.1, -15.3, 0.5
-19.8, -0.1, -19.7, -0.1
-19.8, -0.1, -15.3, 0.5
-19.4, -0.2, 20.0, -0.6
-19.2, 0.1, 20.0, 0.1
-19.4, -0.1, -16.7, 0.4
-15.4, -0.1, -20.0, -0.1
-19.8, -0.1, -16.7, 0.4
-19.7, -0.1, -15.3, 0.5
-19.8, 0.2, -20.0, -0.1
-17.5, 0.1, -20.0, -0.6
17.3, -0.1, -17.5, 0.6
-20.0, 0.2, 20.0, -0.3
-20.0, 0.2, -5.7, -0.8
-19.8, 0.2, 20.0, -0.7
-19.4, 0.1, 14.4, -0.3
-19.8, -0.5, -7.0, 0.1
-18.0, 0.1, 20.0, 0.6
-19.2, 0.1, 20.0, 0.5
18.0, -0.1, -20.0, 0.1
-18.0, -0.2, -20.0, -0.1
-19.4, -0.1, -19.8, -0.6
-20.0, -0.1, 9.1, -0.1
17.3, 0.1, 17.3, -0.5
-20.0, 0.2, 20.0, -0.3
20.0, -0.4, 20.0, 0.3
-19.4, 0.4, 17.6, -1.0
-19.8, -0.2, -16.5, -0.3
-19.8, -0.1, -16.5, -0.4
-20.0, -0.1, 20.0, -0.5
-19.4, -0.1, 9.1, -0.1
-19.1, -0.1, -18.7, -0.6
-20.0, -0.1, 10.9, -0.1
-19.8, -0.0, -20.0, -0.1
-19.8, 0.1, -19.4, 0.6
20.0, 0.2, 20.0, 0.3
-19.8, -0.2, 16.5, -0.3
-20.0, -0.1, 9.1, -0.1
-19.4, -0.1, 9.1, -0.1
-19.4, 0.1, 15.8, -0.3
-14.8, 0.1, 20.0, 0.3
-14.8, 0.1, 20.0, -0.1
-19.8, 0.2, -20.0, -0.1
-19.7, 0.1, -19.5, 0.5
-19.8, -0.2, -16.5, -0.3
-18.0, 0.1, 20.0, 0.5
-18.0, -0.2, -20.0, -0.1
-19.2, -0.0, -20.0, -0.1
-19.8, 0.1, -20.0, 0.6
-20.0, 0.1, -19.5, 0.5
-19.7, -0.2, -16.5, -0.3
19.8, -0.1, -17.2, -0.1
-19.2, -0.1, -15.3, 0.5
-19.8, 0.5, -20.0, -0.1
19.8, 0.2, -5.7, -0.8
-19.4, 0.2, 20.0, -0.3
-20.0, -0.1, 9.1, -0.1
-19.7, 0.1, 18.0, 0.6
-19.2, 0.1, -18.6, 0.5
-20.0, 0.2, 16.5, -0.3
-20.0, 0.1, 10.9, 0.0
-19.8, 0.1, -19.8, -0.6
-19.4, -0.1, 9.1, -0.1
-19.8, 0.5, -20.0, -0.2
-19.8, 0.2, -20.0, -0.1
-14.8, 0.2, 20.0, 0.4
-19.8, 0.1, 20.0, 0.3
-20.0, 0.1, 14.4, -0.3
-15.9, -0.2, -20.0, -0.1
-19.4, -0.1, 6.7, -0.1
-20.0, -0.1, 7.4, -0.1
-20.0, 0.1, 10.9, -0.1
-18.0, 0.1, 20.0, 0.5
-19.4, -0.1, 9.1, -0.1
18.0, 0.1, 20.0, 0.6
-19.4, 0.2, 17.5, -0.3
17.3, -0.1, 9.1, -0.1
-19.4, 0.2, -20.0, -0.7
-19.8, -0.2, -20.0, -0.1
-19.8, -0.2, -16.5, -0.3
-19.8, 0.2, -5.7, -0.8
-19.4, 0.4, 20.0, -0.3
17.3, 0.2, 20.0, -0.1
-17.7, -0.2, -16.5, -0.3
-19.8, -0.1, -20.0, -0.3
-19.1, 0.1, -19.5, -0.5
-19.7, -0.3, -20.0, 0.1
-20.0, -0.2, 17.0, -0.3
-20.0, 0.2, 20.0, -0.3
-19.8, -0.2, -16.5, -0.3
-18.0, -0.1, 20.0, -0.6
-19.7, 0.1, -19.5, 0.5
-17.7, -0.1, -20.0, -0.1
-19.4, -0.1, -16.7, 0.4
-19.1, -0.1, -20.0, -0.1
-19.8, 0.1, 20.0, 0.6
-18.0, 0.2, -17.7, -0.1
-20.0, -0.0, 20.0, 0.4
-19.8, 0.1, -5.7, -0.8
-19.2, 0.1, -20.0, -0.1
-15.4, -0.2, 20.0, 0.1
-17.4, -0.1, -20.0, -0.1
-19.4, -0.2, 9.1, -0.1
-20.0, 0.1, 20.0, -0.3
-20.0, 0.2, 20.0, -0.3
-20.0, 0.2, -14.0, -0.1
-19.8, 0.5, -20.0, -0.1
-15.4, -0.5, -12.2, -0.3
-20.0, 0.1, -20.0, 0.1
-19.8, 0.1, -12.2, -0.3
-20.0, 0.5, -20.0, -0.1
-19.8, -0.2, -19.8, -0.6
-19.8, -0.1, -16.5, -0.3
-18.0, 0.0, -20.0, 0.6
-18.3, -0.1, -18.2, -0.1
17.3, -0.1, 20.0, -0.5
-20.0, 0.2, 20.0, -0.3
-20.0, -0.0, 20.0, 0.4
-20.0, 0.1, -12.2, -0.3
-18.0, 0.1, -16.5, -0.3
-19.8, -0.6, 20.0, 0.6
-19.1, -0.0, 20.0, 0.4
-20.0, -0.1, -20.0, -0.1
-19.4, 0.1, 14.4, -0.3
-20.0, -0.1, -15.3, 0.5
-20.0, 0.2, 19.5, 0.5
-19.7, 0.1, 20.0, -0.3
-20.0, -0.1, 9.1, -0.3
-19.8, -0.5, -19.8, -0.6
-14.8, -0.0, -20.0, -0.1
-19.8, -0.0, 20.0, 0.3
17.3, 0.2, -16.7, 0.4
-19.4, -0.1, 20.0, -0.3
-19.7, 0.1, 14.4, -0.3
-19.4, 0.1, -19.5, 0.5
-19.4, -0.1, -20.0, 0.1
-19.2, -0.1, 9.1, -0.1
-20.0, -0.1, 9.1, 0.3
-18.1, -0.3, -20.0, -0.1
-14.8, 0.1, -20.0, -0.1
-19.8, 0.5, 20.0, 0.3
-20.0, 0.1, 20.0, -0.3
-19.1, 0.1, -19.5, 0.5
-20.0, 0.1, 20.0, 0.3
-14.8, 0.2, -14.0, -0.1
-19.4, 0.1, 14.4, 0.3
-18.0, 0.1, 20.0, 0.5
-18.0, -0.1, -16.5, -0.3
-19.8, 0.1, 20.0, 0.5
-17.7, -0.2, -16.5, -0.3
-19.8, 0.5, -20.0, -0.1
-17.7, 0.5, -20.0, -0.1
-19.8, -0.2, -17.9, 0.3
18.4, -0.1, 20.0, -0.3
-20.0, -0.0, 9.1, -0.1
17.3, 0.2, 20.0, -0.1
-19.8, -0.1, -16.5, -0.2
-20.0, 0.2, 17.6, -0.3
-19.8, -0.1, -5.7, -0.8
-19.8, 0.5, -20.0, -0.1
-20.0, -0.1, 9.1, -0.5
-19.8, 0.5, -20.0, -0.1
-20.0, 0.6, 20.0, -0.3
-20.0, 0.1, 20.0, -0.3
-20.0, 0.2, 14.4, -0.3
-18.0, 0.2, 20.0, -0.3
-19.4, 0.1, 20.0, 0.5
-14.8, -0.1, -20.0, -0.4
-20.0, 0.1, 20.0, -0.3
-19.8, -0.1, 20.0, -0.3
-19.4, 0.2, -16.5, -0.3
-20.0, -0.1, 14.4, -0.3
-19.4, 0.1, 12.1, -0.1
20.0, 0.1, 10.6, -0.1
-20.0, 0.2, 20.0, -0.3
-19.1, 0.1, 20.0, 0.5
18.0, -0.1, -18.9, -0.1
-19.8, 0.2, 20.0, -0.3
-19.4, 0.1, -5.7, -0.8
19.4, 0.2, -16.5, -0.3
-17.7, 0.2, 20.0, -0.4
-20.0, 0.2, -16.5, -0.3
-17.7, -0.2, 20.0, -0.3
-18.0, -0.1, -12.2, -0.3
-20.0, 0.1, -20.0, -0.1
-19.4, -0.1, -20.0, -0.1
-17.7, -0.1, 6.7, -0.1
-14.8, 0.1, -20.0, 0.2
-19.8, 0.5, 20.0, 0.3
17.3, 0.2, 19.5, -0.2
-20.0, -0.0, 20.0, 0.4
-20.0, 0.1, -12.2, -0.3
19.8, 0.2, -5.7, -0.8
18.0, -0.2, 20.0, 0.5
-18.0, 0.1, -20.0, -0.1
20.0, -0.1, -16.5, -0.3
-19.8, -0.1, -15.3, 0.5
-18.0, 0.1, -20.0, 0.1
-19.7, -0.7, 20.0, 0.5
-19.4, -0.2, 6.7, -0.1
-20.0, 0.1, 14.4, -0.2
-20.0, 0.1, 20.0, 0.5
18.0, 0.2, 20.0, 0.5
-14.8, 0.1, 20.0, 0.3
19.8, 0.5, -20.0, -0.2
-20.0, -0.2, -16.5, -0.3
17.7, 0.2, 20.0, -0.3
-19.8, 0.5, 20.0, -0.2
-19.8, -0.2, -16.5, -0.3
19.4, 0.1, -19.5, -0.5
-19.1, -0.2, 9.1, -0.1
-17.7, -0.1, -20.0, -0.1
-19.8, -0.2, -20.0, -0.1
-19.8, 0.1, 20.0, 0.5
-18.0, -0.1, -16.5, -0.3
-18.0, 0.1, -19.5, 0.3
-19.7, 0.1, 20.0, 0.5
-19.8, -0.1, 9.1, -0.1
17.3, 0.5, -20.0, -0.1
-19.4, -0.2, -16.5, 0.3
-20.0, 0.1, 14.4, -0.2
-20.0, -0.2, 16.5, -0.3
-20.0, 0.2, -16.5, -0.3
-19.4, 0.1, 14.4, -0.3
17.3, -0.1, 9.1, -0.1
19.4, 0.1, 14.4, -0.3
-19.1, 0.1, 20.0, 0.4
-17.7, -0.1, 9.1, -0.1
17.3, -0.2, -16.5, 0.1
-20.0, 0.1, -19.5, 0.5
-19.1, -0.3, 9.1, -0.1
-19.4, 0.3, 20.0, 0.6
-18.0, -0.1, 14.4, -0.3
-19.4, 0.1, 20.0, -0.3
-19.7, -0.1, 20.0, -0.3
-20.0, 0.2, 14.4, -0.3
-16.9, 0.1, 20.0, 0.3
-20.0, -0.1, 9.1, -0.4
-20.0, -0.1, 9.1, 0.5
17.3, -0.1, -5.7, -0.8
-20.0, 0.1, 9.7, -0.1
-20.0, -0.1, 9.1, -0.1
-19.8, 0.1, 14.4, -0.2
-19.8, 0.1, 20.0, 0.5
-18.0, -0.5, 17.5, 0.5
-14.8, 0.2, -5.7, 0.8
-19.4, -0.2, -14.0, -0.1
17.3, -0.2, 10.6, -0.1
20.0, 0.1, 7.5, 0.1
-19.8, -0.1, 9.1, -0.5
-20.0, -0.4, 9.1, -0.4
18.0, -0.1, 20.0, -0.3
-19.7, -0.2, 20.0, 0.5
-14.8, 0.1, 20.0, -0.3
18.4, -0.1, 20.0, 0.3
-19.4, 0.2, -14.5, -0.1
-14.8, 0.2, -16.5, -0.3
-14.8, 0.1, -20.0, 0.2
-20.0, 0.1, -12.2, -0.3
-20.0, 0.1, 9.1, -0.3
-20.0, -0.1, 14.4, -0.2
19.4, 0.2, 20.0, 0.5
-15.9, 0.2, -17.1, -0.3
-20.0, -0.2, -16.5, -0.3
-20.0, 0.1, 14.4, -0.2
-20.0, 0.1, 20.0, 0.5
-18.0, -0.2, -16.2, -0.3
-19.8, 0.1, -20.0, -0.1
-19.8, -0.2, 20.0, 0.2
17.3, -0.1, 20.0, -0.1
-19.7, 0.0, 20.0, 0.1
17.3, -0.1, -9.1, -0.1
18.0, -0.2, 20.0, 0.5
-20.0, 0.1, -12.2, -0.3
-19.7, -0.1, 20.0, -0.3
15.6, 0.2, 17.6, -0.3
-20.0, 0.2, 20.0, 0.5
-19.4, 0.1, 17.6, -0.3
-20.0, 0.2, 14.4, -0.3
-18.0, -0.3, -14.4, -0.6
-20.0, 0.1, -12.2, -0.3
-20.0, 0.1, -20.0, -0.1
19.8, -0.4, 14.4, -0.2
-14.8, -0.3, 20.0, -0.3
-19.7, 0.1, -19.1, -0.1
-19.4, 0.2, 17.6, -0.3
-20.0, 0.1, 14.4, -0.1
-19.4, 0.1, 14.4, 0.3
-19.4, 0.1, 11.7, -0.1
-20.0, 0.1, 20.0, 0.5
-19.8, 0.1, -19.5, 0.5
-19.4, 0.2, 17.6, -0.3
-20.0, 0.2, -16.5, -0.3
-19.4, 0.1, -14.4, -0.4
-20.0, 0.3, 12.1, -0.1
-18.0, 0.1, 20.0, 0.5
-19.8, -0.1, -5.7, -0.8
18.4, 0.5, 14.4, 0.3
-20.0, -0.1, 20.0, -0.3
-19.1, 0.1, 20.0, 0.5
-19.8, 0.1, 20.0, 0.4
-20.0, 0.2, 17.6, -0.3
-18.0, 0.1, -20.0, 0.1
-17.3, -0.2, 20.0, 0.8
15.7, -0.1, 9.1, -0.1
-20.0, 0.1, 20.0, 0.5
-19.8, 0.1, 14.4, 0.2
17.3, 0.2, -20.0, 0.5
18.0, -0.2, 20.0, -0.1
20.0, 0.1, 14.4, -0.2
-19.8, -0.1, -15.3, 0.5
-20.0, 0.2, 17.6, -0.3
-19.8, 0.5, -20.0, -0.1
-14.8, 0.1, 10.6, 0.2
20.0, 0.1, -20.0, -0.1
-18.0, -0.2, -16.5, -0.3
-20.0, 0.1, -12.2, -0.3
20.0, 0.1, 8.8, -0.1
-20.0, -0.1, 9.1, -0.5
-20.0, -0.2, -16.5, -0.3
-17.7, -0.1, 7.8, -0.4
17.3, -0.2, 9.1, -0.1
-19.8, -0.2, -20.0, 0.1
-18.0, 0.1, 20.0, 0.6
-14.8, -0.1, 9.1, 0.5
-15.2, 0.1, 18.2, 0.3
-19.8, -0.2, -20.0, -0.1
-20.0, -0.2, -16.5, -0.3
-18.1, -0.3, -18.4, -0.1
-20.0, 0.1, 20.0, 0.2
-17.3, -0.0, 20.0, 0.4
-19.4, 0.4, 12.1, -0.1
-19.4, 0.1, 14.4, 0.1
18.0, -0.2, -20.0, -0.1
-19.8, 0.2, 20.0, 0.5
20.0, 0.1, 7.6, 0.2
-19.1, 0.1, 10.6, 0.1
-18.0, 0.1, 20.0, 0.4
18.7, -0.3, 20.0, -0.1
-19.7, -0.2, 20.0, 0.5
18.0, -0.1, 20.0, 0.5
-18.0, -0.2, 17.6, -0.3
-19.4, 0.4, -16.5, -0.3
-17.3, -0.2, 20.0, 0.2
-19.8, -0.0, 20.0, 0.5
-18.9, -0.1, 20.0, -0.1
16.3, -0.2, -20.0, -0.1
-19.4, 0.2, -14.5, -0.2
-19.4, 0.1, 14.4, 0.1
20.0, 0.1, 20.0, -0.2
-20.0, 0.0, 14.4, -0.2
-20.0, 0.2, -20.0, -0.1
-19.8, -0.2, 17.6, -0.3
-14.8, 0.1, -19.1, -0.1
-19.7, 0.4, 10.6, 0.2
-20.0, 0.1, 20.0, 0.5
-17.1, 0.1, 13.4, -0.1
-19.8, 0.1, 17.6, -0.3
-19.4, 0.2, 14.4, -0.2
18.4, 0.1, 14.4, 0.1
-19.4, 0.5, 14.4, 0.3
16.2, -0.1, 9.1, -0.5
19.8, -0.2, 10.6, -0.1
-20.0, -0.1, 9.1, 0.5
-14.8, -0.1, 20.0, -0.3
-17.3, 0.1, 17.6, -0.3
-19.4, 0.2, 20.0, 0.4
-18.7, 0.1, 14.4, -0.2
-15.2, 0.1, 18.2, 0.4
-14.8, -0.1, 9.1, 0.5
-19.4, 0.1, 14.4, -0.1
-20.0, -0.1, 20.0, 0.3
18.4, 0.0, 20.0, 0.8
17.3, -0.4, 9.1, 0.1
-20.0, -0.1, 9.1, 0.2
-19.4, -0.2, -14.0, -0.0
-19.4, -0.6, -14.0, -0.1
-20.0, 0.2, 14.4, -0.1
-19.4, -0.1, 14.4, 0.1
-20.0, 0.1, 20.0, 0.6
18.0, -0.2, 14.4, 0.2
-20.0, 0.1, -14.4, -0.2
-19.7, -0.2, 20.0, 0.5
-19.8, -0.2, 20.0, 0.4
-17.3, -0.0, -20.0, -0.1
-19.8, 0.1, 10.6, -0.1
17.3, -0.2, -5.7, -0.8
-19.8, -0.2, 9.7, -0.5
17.3, -0.2, -20.0, 0.1
18.4, 0.5, 14.4, 0.3
17.3, -0.2, 6.1, -0.1
17.3, 0.1, -20.0, 0.5
-19.8, -0.1, -5.7, -0.8
-18.0, -0.2, -7.2, -0.8
-19.8, -0.1, -19.4, -0.3
20.0, 0.1, 14.4, -0.2
-17.3, -0.0, 20.0, 0.4
18.0, -0.2, -16.5, -0.3
17.3, -0.2, 9.1, -0.1
-20.0, -0.3, 8.7, -0.5
-19.9, -0.1, 14.4, -0.2
-19.8, -0.5, 20.0, 0.3
-20.0, -0.1, 9.1, -0.5
-14.8, 0.5, -14.5, -0.1
-19.4, 0.1, 10.6, 0.2
-20.0, 0.1, 20.0, 0.2
-19.7, -0.0, 20.0, 0.1
-20.0, -0.1, 20.0, -0.3
-17.3, -0.2, 20.0, 0.8
-19.8, 0.1, 20.0, -0.3
18.4, -0.1, 20.0, 0.5
-19.8, -0.2, -20.0, -0.1
-19.8, 0.1, 14.4, -0.2
-20.0, 0.1, 9.1, 0.5
-14.8, 0.1, 14.4, -0.4
-19.8, -0.2, 14.4, -0.2
-19.8, -0.1, -20.0, -0.1
19.7, 0.0, 17.6, -0.3
-19.4, 0.1, 20.0, 0.1
-19.4, 0.1, 17.6, -0.3
15.6, 0.2, 17.6, -0.3
18.0, -0.2, 20.0, -0.1
-17.5, 0.1, 14.4, -0.2
-19.8, -0.1, 9.1, -0.1
17.3, -0.2, 9.1, -0.7
16.6, -0.2, 20.0, 1.0
-17.3, -0.1, 18.8, -0.1
-19.4, 0.1, 20.0, 0.5
18.0, -0.2, 18.2, -0.3
-20.0, -0.1, 9.1, -0.5
19.4, -0.2, -16.5, -0.1
-19.8, -0.1, -20.0, -0.1
-19.8, -0.2, -5.7, -0.8
-19.7, 0.2, 20.0, 0.2
-19.8, -0.5, -19.1, -0.1
-19.8, -0.1, 20.0, 0.2
-19.8, -0.2, -5.7, -0.8
-19.8, 0.1, 20.0, -0.3
-19.4, -0.2, 9.7, -0.5
-20.0, 0.3, 8.7, -0.5
19.8, -0.2, 10.6, -0.1
-19.8, 0.1, 12.7, -0.2
-18.7, -0.2, 20.0, 0.2
-18.1, 0.1, 9.1, 0.2
-20.0, -0.1, 14.4, -0.2
18.0, -0.1, 20.0, -0.3
-20.0, -0.2, 20.0, -0.1
-19.4, 0.1, 14.4, -0.2
-18.7, 0.1, 14.4, -0.1
-17.3, -0.2, 20.0, 0.8
-20.0, -0.1, 9.1, 0.2
-19.4, 0.1, -20.0, -0.1
-19.8, -0.2, 17.6, -0.0
18.0, 0.1, 18.8, -0.1
-17.3, -0.2, 14.4, -0.2
-20.0, -0.0, -14.0, 0.0
-19.4, 0.2, -20.0, -0.1
19.7, 0.1, 14.4, -0.1
-19.4, 0.0, 17.6, -0.3
-20.0, 0.2, -14.0, -0.0
-19.4, -0.2, 20.0, -0.2
-17.3, -0.1, 18.8, -0.1
-19.8, 0.1, 17.6, -0.3
-20.0, 0.1, 9.1, 0.2
-19.4, 0.1, 20.0, 0.5
-20.0, -0.1, -14.5, -0.2
-19.4, 0.2, 9.1, 0.2
-19.8, -0.2, 10.6, -0.1
19.8, -0.2, 9.7, -0.5
-20.0, -0.0, 20.0, 0.4
-17.3, -0.1, 14.4, 0.1
-17.3, -0.0, -20.0, -0.1
-20.0, 0.2, -20.0, -0.3
-15.6, -0.1, 18.8, -0.1
-18.7, 0.1, 17.3, -0.0
19.8, 0.1, -5.7, -0.8
-19.8, -0.1, 18.3, -0.3
-19.8, 0.1, 17.6, -0.3
18.0, -0.2, 20.0, -0.1
-14.8, 0.1, -20.0, -0.1
-20.0, 0.2, 14.4, -0.4
-19.8, -0.5, -19.1, -0.1
-20.0, -0.1, 20.0, 0.3
-19.7, -0.5, 14.4, -0.4
-14.8, 0.1, -19.1, -0.1
-20.0, -0.2, 20.0, 0.5
-19.7, -0.1, 9.1, 0.2
-20.0, -0.1, 9.1, 0.2
-19.8, -0.2, 20.0, 0.4
-17.3, -0.1, 18.8, -0.1
-19.8, -0.2, 9.7, -0.3
-19.8, -0.2, 20.0, 0.4
-19.8, 0.1, 9.1, -0.1
-17.3, -0.0, -20.0, -0.1
-19.8, -0.1, -6.7, -0.8
-19.8, -0.2, 20.0, -0.4
-19.8, -0.2, 9.7, -0.5
-18.4, 0.1, 18.8, -0.1
-17.3, -0.1, -14.4, -0.2
-19.8, -0.1, 9.1, 0.2
-20.0, -0.1, -5.7, -0.8
-18.7, 0.1, 20.0, 0.5
-19.7, -0.1, 15.1, -0.2
18.4, 0.2, 18.3, -0.3
15.6, 0.0, 20.0, 0.8
-17.3, -0.0, -20.0, -0.1
-19.8, -0.2, -20.0, -0.1
-20.0, -0.1, 14.4, -0.4
-14.8, -0.2, 20.0, -0.3
-20.0, -0.1, 14.4, 0.2
-19.4, -0.1, -20.0, -0.1
-19.8, -0.0, -20.0, -0.1
-17.1, 0.5, 20.0, -0.3
-20.0, 0.3, 14.4, -0.2
-18.7, -0.1, 6.6, 0.2
-18.0, -0.2, 20.0, -0.1
-18.2, -0.0, -17.2, -0.5
-20.0, 0.2, 14.4, -0.4
-14.8, 0.1, -20.0, -0.1
15.6, 0.2, 18.8, -0.3
15.6, 0.2, -17.6, -0.3
-20.0, 0.1, 20.0, 0.1
-19.7, 0.1, 9.1, 0.5
-17.2, -0.2, -20.0, 0.5
-19.7, -0.5, -19.1, -0.1
-19.4, 0.1, 14.4, 0.1
-14.8, 0.1, 14.4, -0.4
-20.0, 0.0, 20.0, -0.4
-17.3, -0.1, 14.4, -0.2
18.0, 0.1, 20.0, 0.2
-20.0, -0.2, 14.4, 0.2
20.0, 0.4, 14.4, -0.2
20.0, 0.1, 11.9, -0.2
-20.0, 0.2, 17.6, -0.3
15.6, -0.1, 9.1, 0.2
18.0, -0.1, -12.7, 0.0
-19.4, -0.2, 14.4, 0.2
-14.8, 0.1, 14.4, 0.2
-19.4, -0.2, 14.4, -0.4
18.4, 0.2, 14.4, -0.2
-19.4, 0.1, 18.3, -0.3
-20.0, 0.2, -20.0, -0.3
-20.0, -0.1, -14.5, -0.2
-19.8, -0.2, 9.7, -0.5
-19.8, -0.2, 20.0, 0.4
-15.6, -0.1, 10.6, -0.1
19.8, 0.2, 19.6, -0.1
-19.8, -0.1, 6.6, 0.2
-18.7, 0.1, 9.1, -0.1
-19.8, -0.1, 17.3, -0.3
-19.8, -0.0, -14.0, 0.0
-17.7, 0.2, 20.0, 0.0
-19.4, 0.1, 11.9, -0.2
-14.8, -0.0, -20.0, -0.1
-19.8, 0.1, -20.0, 0.1
-19.8, -0.2, 18.8, -0.1
-15.6, -0.1, 20.0, 0.4
-20.0, -0.0, -18.5, -0.1
-20.0, 0.1, -14.0, 0.0
-20.0, 0.3, 8.3, -0.5
-20.0, 0.3, 8.1, -0.4
-20.0, -0.1, 14.4, -0.2
-19.4, 0.0, -9.1, 0.2
15.6, 0.1, 9.1, 0.2
15.6, -0.1, 9.1, 0.4
15.6, 0.2, 18.8, -0.1
-17.3, 0.1, 18.8, -0.3
20.0, -0.4, 20.0, 0.4
-19.8, 0.3, 8.7, -0.5
-18.7, 0.2, -20.0, -0.3
-20.0, 0.0, 6.6, 0.2
15.6, 0.2, 14.4, -0.2
-19.4, -0.1, 18.8, -0.3
20.0, 0.1, 11.9, -0.2
-20.0, -0.1, 14.4, -0.2
-19.4, -0.2, -20.0, 0.5
-17.2, -0.2, 14.4, 0.2
-19.8, -0.5, -19.1, -0.1
-20.0, 0.2, -14.0, -0.0
-19.4, 0.1, -18.8, -0.1
18.0, -0.2, 14.4, 0.2
15.6, 0.0, -20.0, -0.3
-20.0, 0.2, 20.0, 0.8
20.0, 0.1, 20.0, -0.1
18.0, -0.2, 11.9, -0.2
-20.0, 0.2, -20.0, 0.3
-20.0, -0.1, -20.0, -0.3
-19.4, -0.2, 13.7, 0.2
-18.7, -0.1, 6.6, 0.5
-17.3, 0.2, 18.8, -0.1
-20.0, 0.1, -14.5, -0.2
-19.8, -0.2, -20.0, -0.0
-19.4, 0.2, -20.0, -0.1
-19.8, -0.2, 20.0, 0.3
-20.0, -0.1, -6.7, -1.0
-19.8, -0.2, 20.0, 0.4
-17.2, -0.2, -17.7, 0.5
-19.8, -0.1, 18.8, 0.2
-17.3, -0.0, -18.5, -0.1
-20.0, -0.2, 20.0, 0.4
-19.8, -0.1, 13.8, -0.4
18.4, 0.2, 20.0, -0.3
-20.0, 0.2, 18.3, -0.2
-17.3, -0.0, -20.0, -0.1
-19.4, 0.2, -20.0, -0.1
-19.8, -0.5, -5.7, -0.8
-20.0, -0.0, -19.2, -0.1
19.7, -0.1, 6.6, 0.2
-18.7, -0.1, 14.4, 0.2
-18.1, 0.5, 9.1, 0.2
-20.0, 0.3, 8.7, -0.5
-17.2, -0.2, -20.0, -0.1
-19.8, 0.2, -20.0, 0.5
-18.9, 0.2, -20.0, -0.3
19.8, -0.2, 10.6, -0.1
-17.3, 0.1, 18.8, -0.1
18.0, -0.0, -20.0, -0.1
20.0, 0.4, 9.1, -0.1
-19.8, 0.1, 14.4, -0.2
-19.4, 0.1, 14.4, -0.2
-17.2, -0.2, -20.0, 0.5
-19.4, 0.1, -20.0, -0.3
-19.8, -0.1, -6.7, -0.8
18.4, 0.2, 9.1, 0.2
-18.1, 0.1, 17.6, -0.3
-19.4, 0.1, 9.1, 0.2
-18.1, 0.1, 14.4, -0.2
-18.7, 0.2, -12.0, -0.0
-20.0, -0.0, 6.6, 0.2
-19.4, 0.5, -20.0, 0.1
-19.4, 0.1, 14.4, -0.2
-20.0, 0.3, 7.8, -0.5
-20.0, -0.1, -5.7, -0.8
-19.7, -0.2, -6.7, -0.6
-19.8, -0.1, 14.4, 0.2
-19.8, -0.1, -5.7, -1.0
-20.0, -0.0, -20.0, -0.1
-19.8, 0.1, -20.0, 0.1
-19.8, -0.2, -20.0, 0.5
-17.5, 0.2, -20.0, -0.3
-20.0, -0.2, -20.0, -0.1
-19.4, 0.0, -9.1, 0.2
-19.4, 0.2, -20.0, -0.1
-20.0, 0.1, -14.0, 0.0
18.4, 0.2, 20.0, -0.3
20.0, 0.2, -20.0, 0.1
-19.8, 0.1, 14.4, -0.2
-19.8, 0.1, -20.0, 0.1
-17.1, 0.0, -20.0, 0.1
-19.8, 0.0, -9.1, 0.2
-19.4, 0.1, 17.3, -0.3
-19.4, 0.5, -20.0, -0.0
16.5, -0.2, 14.4, 0.2
18.5, 0.2, 14.4, -0.2
18.4, 0.2, 12.9, -0.2
-20.0, 0.6, 18.8, -0.3
-19.4, -0.1, 8.7, -0.5
-19.8, -0.2, 20.0, 0.4
-20.0, 0.3, -20.0, 0.5
-19.4, 0.5, 20.0, -0.1
20.0, 0.1, -20.0, 0.1
-19.8, 0.0, 6.6, 0.2
-17.8, -0.0, -20.0, -0.0
-18.7, -0.5, -19.1, -0.1
-19.8, -0.1, 14.4, -0.2
-19.8, -0.2, -20.0, 0.5
-17.2, -0.1, -20.0, -0.0
-19.8, 0.2, -20.0, 0.5
-19.4, 0.1, 18.8, -0.3
-20.0, -0.1, -14.5, -0.2
-20.0, 0.2, -20.0, -0.3
-18.7, 0.2, -20.0, -0.5
-19.8, 0.2, -13.6, -0.0
15.6, -0.1, 14.4, -0.2
-19.4, 0.1, 9.1, 0.4
20.0, 0.5, -20.0, 0.1
-19.4, 0.1, 20.0, -0.1
-19.8, 0.0, -20.0, -0.0
-20.0, 0.0, 6.6, 0.5
15.6, 0.2, 20.0, -0.3
18.4, 0.2, 18.8, -0.1
19.8, 0.2, -20.0, 0.5
-20.0, 0.2, -20.0, 0.5
-19.8, 0.4, 14.4, -0.2
19.4, -0.2, -20.0, -0.0
-20.0, 0.4, -20.0, -0.0
-19.8, 0.1, -14.0, 0.0
-19.8, -0.1, 16.5, -0.3
-19.8, -0.2, 20.0, 0.3
-18.7, 0.1, 20.0, 0.2
20.0, 0.2, -11.0, -0.0
-18.7, 0.2, 14.4, -0.2
-19.4, 0.1, -12.0, -0.0
-19.8, -0.0, -14.0, 0.0
-20.0, -0.1, -14.5, -0.2
-20.0, -0.1, 14.4, 0.2
-18.7, -0.1, 15.5, 0.2
-20.0, -0.2, -20.0, -0.1
-17.2, 0.2, -20.0, 0.3
-20.0, 0.3, 8.3, -0.6
-20.0, -0.0, -14.5, -0.4
18.4, 0.0, 14.4, -0.0
-19.8, -0.5, -19.1, -0.1
-18.7, 0.3, 8.3, -0.5
-20.0, 0.2, -12.0, -0.0
20.0, 0.1, 11.9, -0.2
-19.4, 0.1, 14.4, -0.2
-19.8, 0.2, -20.0, 0.5
-19.8, 0.3, -20.0, 0.1
-19.4, -0.1, 18.8, 0.3
-19.4, 0.1, 14.4, -0.2
-20.0, -0.1, -5.7, -0.8
-20.0, -0.1, -14.5, -0.2
-19.8, -0.1, -17.3, -0.3
-20.0, 0.1, -14.0, 0.0
-20.0, 0.2, -20.0, 0.3
-19.8, 0.2, -20.0, 0.3
-17.2, 0.2, -20.0, -0.1
18.4, 0.2, 14.4, 0.2
-20.0, 0.0, -20.0, 0.1
-19.8, -0.3, 7.3, -0.1
-20.0, -0.1, -13.6, -0.0
-17.4, 0.2, -5.7, 0.8
-19.8, -0.2, -5.7, 0.8
-20.0, -0.1, -20.0, -0.0
-20.0, -0.1, -14.5, -0.2
-18.7, 0.2, -12.0, -0.0
-19.4, -0.6, 18.7, 0.4
-19.8, -0.0, -9.1, 0.2
-18.7, -0.1, -20.0, -0.1
-17.2, 0.2, 14.4, 0.2
-20.0, 0.1, -14.0, 0.0
-19.4, 0.1, 14.4, -0.4
-20.0, 0.2, -20.0, -0.0
-19.8, -0.2, -20.0, 0.3
-19.8, 0.2, 17.3, -0.3
-19.8, -0.1, -20.0, 0.5
-20.0, -0.1, 16.5, -0.5
-19.8, 0.1, -14.0, -0.1
-19.8, 0.2, 14.4, -0.2
-17.2, -0.2, -20.0, 0.3
-19.8, -0.1, 16.5, -0.3
-19.8, -0.2, 20.0, 0.3
-18.7, 0.3, 10.0, -0.5
-20.0, 0.2, -20.0, -0.5
-20.0, 0.1, 8.3, -0.5
-20.0, 0.3, 18.8, -0.3
-18.7, 0.1, -20.0, 0.3
-19.8, 0.2, 20.0, 0.2
-20.0, -0.1, 14.0, 0.3
-17.5, 0.1, -14.5, -0.2
-18.7, 0.3, 8.3, -0.5
-18.7, 0.2, -12.0, -0.0
-17.8, 0.4, 20.0, -0.3
15.6, 0.2, -18.2, -0.0
-19.8, -0.1, 20.0, 0.3
-17.2, 0.2, 14.4, 0.2
-19.4, 0.1, 20.0, 0.0
-19.8, 0.2, -20.0, 0.3
-20.0, 0.3, 8.3, -0.6
-17.4, 0.2, -5.7, 0.8
-17.4, 0.2, -14.5, -0.2
20.0, -0.1, -5.7, 0.8
-20.0, 0.0, -20.0, 0.1
-17.1, -0.2, -20.0, -0.1
-19.8, -0.2, 20.0, 0.3
-19.8, -0.2, -20.0, 0.3
-20.0, 0.2, -10.2, -0.0
-18.7, -0.2, -20.0, -0.1
-18.7, -0.1, -14.5, -0.2
-20.0, -0.1, 15.5, 0.2
-20.0, -0.1, 14.4, -0.2
-19.8, -0.0, -14.5, -0.2
-18.7, 0.3, 18.8, 0.3
-19.4, 0.1, 8.3, -0.5
15.6, 0.1, -14.0, 0.0
-19.8, 0.2, 20.0, -0.3
-20.0, 0.3, 8.3, -0.5
-18.7, -0.1, -2.8, -0.8
-20.0, 0.4, -20.0, -0.0
-17.2, -0.1, -20.0, -0.0
-17.2, 0.2, 14.4, 0.2
-17.2, 0.2, -20.0, -0.2
-20.0, 0.0, 18.8, -0.3
-19.4, 0.1, -20.0, -0.1
-18.7, 0.2, 14.4, 0.2
-17.2, 0.2, -12.0, -0.0
-20.0, 0.1, -20.0, 0.1
20.0, 0.1, -14.0, 0.0
-17.2, 0.1, 17.6, -0.1
-19.4, -0.1, -20.0, -0.0
18.4, 0.2, 12.9, -0.2
-14.8, 0.0, -20.0, 0.1
-20.0, 0.2, 12.9, 0.1
18.4, 0.2, -20.0, 0.5
-17.2, 0.2, 14.4, -0.2
-20.0, -0.1, -5.7, -0.8
-17.2, -0.2, -20.0, -0.1
-20.0, 0.1, -20.0, -0.0
-18.7, -0.2, -20.0, -0.1
-20.0, 0.2, -12.0, -0.0
18.4, 0.2, 14.4, -0.2
18.5, 0.2, 18.8, -0.1
-20.0, 0.2, -20.0, -0.5
-17.2, 0.1, -14.0, 0.0
-20.0, -0.3, 16.5, -0.3
18.5, 0.2, 14.4, -0.2
-19.8, 0.2, -20.0, -0.3
-18.7, 0.2, -12.0, -0.0
-18.7, 0.2, 12.9, -0.2
18.4, 0.2, -10.2, -0.0
-19.8, 0.1, -14.0, 0.0
-20.0, -0.2, -20.0, 0.3
-19.8, 0.1, -14.0, 0.2
-19.8, 0.3, -20.0, 0.1
-19.8, -0.1, -16.5, -0.3
15.6, 0.2, 20.0, -0.3
-19.8, 0.3, 8.3, -0.5
-18.7, -0.2, -20.0, 0.3
-20.0, 0.1, -12.7, 0.0
-19.8, -0.2, -20.0, -0.3
-18.4, 0.1, -5.7, 0.8
-17.4, 0.2, -14.0, 0.0
-20.0, 0.0, -13.7, -0.4
-18.7, 0.2, -18.2, -0.5
-19.8, -0.2, -20.0, 0.3
18.4, 0.2, 20.0, -0.3
-18.7, 0.3, 16.5, -0.3
19.8, -0.1, 6.6, -0.5
-20.0, 0.2, 12.9, -0.2
18.4, 0.1, -14.0, 0.3
-19.8, 0.2, -20.0, 0.3
-18.7, 0.2, -18.1, -0.5
-19.8, 0.1, -14.5, -0.2
-20.0, -0.1, -14.0, 0.0
-20.0, 0.2, -5.7, 0.8
17.4, 0.0, -20.0, -0.1
-19.8, 0.2, -20.0, -0.3
-19.8, -0.2, -20.0, -0.3
-19.8, -0.2, -20.0, -0.3
-19.8, 0.1, -14.0, -0.1
-19.8, -0.1, -2.8, -0.8
-18.7, 0.2, -20.0, -0.3
-18.3, 0.1, 14.0, 0.0
-19.8, -0.2, -20.0, -0.3
-18.4, -0.1, -5.7, 0.8
20.0, 0.1, -5.7, 0.8
-19.8, -0.2, -20.0, 0.1
-20.0, 0.1, -20.0, 0.5
-19.8, 0.1, -20.0, 0.1
-20.0, 0.1, -14.0, -0.1
-19.8, -0.1, -20.0, -0.0
-17.2, -0.2, -20.0, 0.3
-19.8, 0.2, 18.8, -0.1
18.5, 0.1, -14.0, -0.1
-18.7, -0.2, 20.0, 0.3
-19.8, -0.1, -14.5, -0.2
-18.7, 0.1, -14.5, -0.2
-17.5, 0.2, -14.5, -0.2
-19.8, -0.0, -14.0, -0.1
-19.8, -0.2, -20.0, -0.3
-19.8, -0.2, -20.0, 0.3
-20.0, -0.1, 18.3, -0.3
-17.5, 0.1, -17.3, -0.2
18.0, 0.2, 20.0, -0.3
-20.0, 0.1, -12.7, 0.0
19.8, 0.1, -14.5, -0.2
-20.0, 0.1, -12.7, 0.0
18.4, 0.2, 12.9, -0.2
-19.8, 0.1, 16.5, -0.3
-17.5, 0.1, -14.5, -0.2
19.8, 0.2, -14.0, 0.0
-20.0, -0.1, -20.0, 0.3
-18.7, -0.1, 20.0, 0.3
-19.8, -0.2, -14.5, -0.2
-20.0, 0.3, 20.0, -0.3
15.6, -0.2, 8.4, -0.6
-17.2, 0.5, 14.4, 0.2
-18.6, -0.1, 20.0, 0.3
-18.8, 0.2, -20.0, 0.3
-19.8, -0.2, 20.0, 0.3
-20.0, 0.3, -20.0, 0.1
-20.0, 0.2, 18.8, -0.3
18.4, 0.2, -16.5, -0.3
-19.8, -0.1, 20.0, -0.3
-19.8, 0.0, -15.0, -0.2
-16.9, 0.1, -20.0, -0.3
-17.2, -0.2, -20.0, 0.3
-19.8, -0.2, -18.0, -0.1
-17.2, 0.2, -18.6, -0.3
-19.8, 0.1, -20.0, 0.0
-19.8, -0.2, -20.0, 0.4
20.0, 0.2, 18.8, -0.1
-18.0, -0.2, -20.0, -0.1
-17.2, 0.2, -20.0, 0.3
15.6, 0.1, -5.7, 0.8
-18.4, 0.2, 20.0, -0.3
-17.5, 0.1, -14.5, -0.2
-20.0, 0.0, 18.8, -0.3
-19.8, -0.2, -20.0, -0.3
-19.8, -0.1, -16.5, -0.3
-20.0, 0.1, -12.7, -0.0
-18.7, -0.1, -4.9, -0.8
-17.5, 0.1, -11.9, -0.2
-20.0, 0.1, -14.5, -0.2
20.0, -0.2, -20.0, 0.3
-19.3, 0.1, -20.0, 0.1
-19.8, 0.1, -13.7, -0.2
-19.8, 0.1, -16.5, -0.3
-19.8, 0.1, -20.0, 0.1
-20.0, 0.2, -20.0, 0.3
-18.7, 0.2, 20.0, -0.6
15.6, -0.1, -2.8, -0.9
-17.3, -0.2, -20.0, -0.3
-19.8, -0.2, -20.0, 0.5
-19.8, 0.3, 8.3, -0.5
-18.7, -0.1, -16.5, -0.3
-20.0, 0.1, -17.5, -0.1
-19.8, -0.2, 20.0, 0.3
-20.0, 0.0, 18.8, -0.3
-20.0, 0.2, -14.6, 0.0
-18.7, 0.0, -2.8, -0.7
-18.7, -0.1, -14.5, -0.2
-19.8, -0.2, 20.0, 0.3
18.5, 0.2, 14.4, -0.2
-19.8, -0.2, 20.0, 0.5
19.8, -0.2, -20.0, -0.3
-19.8, 0.2, -20.0, 0.3
-18.7, -0.1, -2.8, -0.8
-20.0, 0.1, -20.0, 0.3
-19.8, -0.3, -12.7, 0.0
-18.5, -0.2, -20.0, -0.1
-20.0, 0.1, -20.0, 0.1
20.0, -0.2, -20.0, 0.3
-19.8, -0.1, -5.7, -0.8
-19.8, 0.1, -14.5, -0.3
-20.0, -0.1, -14.0, -0.1
-19.8, -0.2, -17.5, -0.1
-20.0, 0.1, -15.3, -0.1
-18.6, -0.1, 18.8, -0.1
-19.0, 0.2, 20.0, 0.3
-20.0, 0.3, -15.4, -0.1
-18.7, -0.2, 20.0, 0.3
-20.0, -0.2, -20.0, -0.3
-19.8, -0.2, -20.0, -0.0
-18.7, -0.1, -20.0, 0.1
-20.0, -0.2, 20.0, 0.3
-20.0, 0.1, -15.7, -0.1
-20.0, -0.1, -20.0, 0.1
-18.5, -0.2, -20.0, -0.1
19.7, 0.2, -16.5, -0.3
-19.8, -0.1, 20.0, 0.3
-19.8, -0.0, -14.0, -0.1
-20.0, 0.2, 18.8, -0.1
20.0, 0.1, -20.0, 0.3
-18.6, -0.1, 20.0, 0.3
18.5, 0.2, 18.8, -0.1
-18.6, -0.1, 18.8, -0.3
-20.0, 0.2, 20.0, 0.3
-18.7, -0.2, -20.0, -0.0
-19.8, -0.1, 20.0, 0.3
-20.0, -0.1, 16.5, -0.3
-19.8, 0.1, 17.5, 0.1
-20.0, 0.2, 18.8, -0.1
20.0, 0.2, -14.5, -0.3
-20.0, -0.1, -2.8, -0.8
18.7, 0.1, -14.0, -0.1
20.0, 0.1, -20.0, 0.1
-20.0, -0.2, -20.0, 0.3
18.5, 0.2, -14.3, -0.1
-19.8, 0.1, 14.4, -0.2
-20.0, 0.2, 18.8, -0.3
-20.0, 0.1, -17.5, -0.2
-18.7, -0.2, -18.0, -0.1
-19.8, -0.2, 20.0, 0.3
-18.0, -0.2, -20.0, -0.1
-19.9, 0.1, -14.5, -0.2
-18.7, -0.1, -16.5, -0.3
-19.8, -0.2, 20.0, 0.5
-19.8, 0.2, 14.4, -0.2
18.5, -0.2, -20.0, -0.3
-18.7, -0.1, -2.8, -0.8
-18.0, -0.2, -20.0, -0.1
-19.8, 0.1, -20.0, 0.1
-19.3, 0.1, -14.0, 0.2
-18.5, -0.2, -14.0, -0.1
-19.8, -0.0, -20.0, -0.0
-18.7, -0.2, -20.0, -0.3
-16.9, -0.1, 20.0, 0.3
-19.0, -0.2, -20.0, -0.3
-20.0, -0.0, -11.8, -0.1
-18.7, -0.2, 20.0, 0.3
-18.6, -0.1, 20.0, 0.2
-18.7, -0.1, -20.0, -0.3
-16.9, 0.1, -14.5, -0.5
20.0, -0.2, -14.0, -0.1
-20.0, -0.1, -20.0, 0.7
-20.0, -0.1, 20.0, 0.3
-18.7, -0.2, -14.0, -0.1
-19.8, 0.0, -14.0, -0.1
-19.8, 0.2, -18.0, -0.1
-19.8, 0.1, -14.5, -0.3
-19.8, -0.2, 17.8, 0.4
20.0, 0.5, -14.5, -0.2
-14.5, 0.6, 18.8, -0.1
-18.7, -0.4, 20.0, 0.3
-20.0, -0.1, -14.0, -0.1
-20.0, 0.1, -20.0, 0.3
-20.0, 0.1, -20.0, 0.1
-19.8, -0.3, -20.0, -0.1
-18.5, -0.2, 20.0, 0.1
-19.8, -0.2, 20.0, 0.3
-16.8, 0.1, -20.0, 0.4
-17.3, -0.2, -20.0, 0.3
-19.8, -0.2, -20.0, -0.3
-20.0, 0.1, -20.0, 0.1
-19.8, -0.2, -14.1, -0.1
-19.8, -0.1, -5.8, -0.8
-19.8, 0.1, -14.5, -0.3
-19.8, -0.2, 20.0, 0.3
-18.7, -0.2, -14.5, -0.2
-16.9, -0.1, -14.5, -0.2
-18.7, 0.1, -20.0, -0.3
-18.7, -0.2, -20.0, 0.2
-15.9, -0.2, 20.0, 0.3
-20.0, 0.2, 18.8, 0.1
20.0, -0.1, -14.0, -0.1
-18.0, -0.2, -4.9, -0.8
-18.7, -0.1, -20.0, -0.1
-19.8, 0.1, -14.5, -0.5
-17.5, 0.2, 20.0, -0.5
-18.7, 0.1, -20.0, 0.3
-16.9, -0.1, -14.5, -0.2
-20.0, -0.2, -14.5, -0.2
-19.2, 0.1, -20.0, 0.3
-19.8, 0.2, -20.0, -0.3
-17.3, -0.2, -20.0, 0.1
-19.8, 0.0, -14.0, -0.1
-18.0, 0.2, -4.9, -0.8
20.0, -0.1, -16.5, -0.3
-20.0, -0.0, -20.0, -0.3
-16.9, -0.2, -20.0, 0.1
-18.6, -0.1, 20.0, 0.2
-20.0, -0.1, -14.0, -0.1
19.7, 0.2, -16.5, -0.7
-20.0, -0.1, 16.5, -0.3
-20.0, 0.2, 20.0, 0.3
-20.0, 0.3, 20.0, 0.3
-18.6, -0.1, -15.4, -0.1
-19.8, -0.1, -5.8, -0.8
-20.0, 0.1, -17.5, 0.2
-19.9, 0.1, -14.5, -0.2
-18.3, 0.1, -15.7, 0.2
-20.0, 0.3, -15.4, -0.1
-20.0, 0.3, -15.5, -0.1
19.7, 0.2, -16.5, -0.3
-18.6, 0.1, 20.0, 0.3
-18.7, 0.1, -15.3, -0.1
-20.0, -0.2, -14.0, -0.1
-19.8, 0.0, -20.0, -0.3
-20.0, 0.1, -14.3, 0.1
19.7, 0.2, -16.5, 0.3
-20.0, -0.2, -20.0, -0.3
-17.5, 0.2, 16.5, -0.3
-20.0, -0.1, 20.0, -0.5
-20.0, -0.2, -20.0, -0.0
-17.5, 0.2, 20.0, -0.5
-17.5, 0.2, 20.0, -0.5
-18.6, -0.1, 20.0, 0.2
20.0, 0.2, -14.5, -0.3
-19.8, -0.1, -5.8, -0.8
18.5, -0.2, -20.0, 0.3
-17.3, 0.2, 18.8, -0.1
-20.0, 0.3, -14.5, -0.2
-20.0, -0.2, -15.4, -0.1
-14.5, -0.6, 20.0, 0.3
-20.0, 0.2, 18.8, -0.1
-20.0, 0.2, -16.5, -0.3
19.7, -0.2, -15.7, 0.1
-18.7, -0.1, -15.4, 0.1
-20.0, 0.3, -16.5, -0.3
-18.7, -0.2, -14.5, -0.2
-18.7, -0.2, -13.0, -0.2
-18.7, 0.1, -15.4, -0.5
-20.0, 0.3, -20.0, 0.3
-19.0, 0.2, 20.0, -0.0
-20.0, -0.1, -2.8, -0.8
18.5, 0.1, -20.0, 0.3
-19.2, 0.2, 18.8, -0.1
-20.0, 0.1, 15.3, -0.1
-20.0, -0.2, -14.5, -0.2
-18.0, -0.2, -4.9, -0.8
-20.0, -0.1, -14.0, -0.1
-19.8, 0.1, 20.0, -0.3
-18.7, 0.2, -20.0, -0.1
-20.0, -0.2, -20.0, 0.0
18.5, 0.2, 18.8, -0.0
20.0, 0.1, -14.0, -0.1
20.0, -0.1, -20.0, 0.2
-18.4, 0.2, -20.0, -0.3
-19.8, 0.1, -14.5, -0.2
-18.7, 0.1, -20.0, -0.3
-20.0, -0.1, -15.3, -0.1
-20.0, -0.2, -20.0, -0.3
-20.0, -0.2, -20.0, -0.1
-16.6, -0.2, -14.0, 0.1
-18.7, 0.1, -20.0, 0.6
-18.7, 0.1, 18.8, -0.1
18.5, 0.2, -20.0, -0.3
-16.7, -0.2, 20.0, 0.1
-18.5, 0.2, 20.0, -0.5
-18.0, -0.2, -14.0, -0.1
-18.7, -0.2, -4.9, -0.8
20.0, 0.2, -20.0, -0.3
-20.0, -0.2, 20.0, 0.3
-18.5, -0.2, -20.0, -0.1
-20.0, 0.4, -15.4, -0.1
-18.6, 0.2, 20.0, -0.5
-17.5, -0.1, 20.0, 0.3
-20.0, 0.1, -20.0, 0.3
-19.2, 0.2, 20.0, 0.4
-18.5, -0.2, -14.0, -0.1
-18.7, -0.2, -19.4, -0.1
-20.0, -0.6, -14.5, -0.2
-18.7, -0.0, -15.3, -0.1
-16.9, -0.0, 20.0, 0.3
-17.7, 0.3, -15.4, -0.1
-20.0, -0.1, 20.0, -0.5
-17.5, 0.2, 20.0, 0.3
-19.8, 0.0, -2.8, -0.8
-20.0, -0.3, -14.0, 0.1
-19.8, 0.2, 20.0, -0.5
-17.9, 0.2, -18.0, -0.1
-18.6, 0.0, -14.0, -0.1
-19.8, -0.1, 20.0, 0.2
-20.0, 0.1, -20.0, -0.3
-19.8, 0.2, -15.5, -0.1
-18.6, -0.1, -20.0, -0.3
18.5, 0.2, 20.0, -0.2
-17.5, -0.1, -15.3, -0.1
-18.7, 0.1, 20.0, -0.3
-19.1, -0.2, -15.4, -0.1
-20.0, -0.2, -13.0, -0.2
-20.0, 0.3, -15.4, -0.1
-18.5, 0.0, -20.0, -0.1
-18.7, -0.1, 17.9, -0.3
-20.0, -0.2, -19.4, -0.1
-20.0, -0.2, -15.4, -0.1
-20.0, -0.2, -12.6, -0.2
-16.4, 0.1, -20.0, -0.3
-18.7, -0.6, 20.0, 0.1
18.5, 0.2, -15.5, -0.1
-19.8, 0.2, -20.0, -0.7
18.5, 0.2, -14.5, -0.2
-18.7, -0.2, -20.0, -0.3
-19.8, 0.1, 14.5, -0.2
-19.8, 0.1, -16.6, -0.2
-18.5, -0.1, 2.8, -0.8
-20.0, 0.2, 20.0, -0.5
-18.7, 0.1, -15.8, -0.1
-20.0, -0.1, 16.5, -0.3
-18.5, 0.2, 20.0, -0.5
-18.7, -0.2, -19.4, -0.1
19.7, 0.2, -13.0, -0.2
-18.7, -0.2, -16.5, -0.3
-15.3, -0.2, -13.0, -0.2
-20.0, -0.6, -20.0, 0.3
-18.7, -0.0, -15.3, -0.1
-20.0, -0.2, 15.4, -0.1
19.7, 0.2, -16.5, -0.7
-20.0, -0.1, 16.5, -0.3
-20.0, 0.4, -15.4, -0.1
-18.7, 0.1, -13.0, -0.5
-18.3, 0.3, -20.0, -0.1
-20.0, -0.1, 16.0, -0.3
20.0, 0.2, 16.5, -0.7
19.7, 0.2, -20.0, -0.3
-20.0, 0.3, 20.0, 0.2
-19.8, -0.1, -15.4, -0.1
-20.0, -0.3, -13.3, 0.0
-20.0, 0.1, -20.0, -0.3
-20.0, 0.3, -14.5, -0.6
-19.6, -0.2, -20.0, 0.3
19.7, -0.1, -5.8, -0.8
-19.8, 0.2, -15.1, -0.7
-20.0, 0.1, 20.0, 0.3
-17.5, 0.2, -14.3, 0.1
20.0, 0.2, 20.0, 0.3
-18.5, -0.1, -20.0, 0.1
-19.8, 0.2, -15.4, -0.5
-16.1, 0.1, -16.8, -0.1
-20.0, -0.1, 16.5, -0.3
-19.9, 0.3, -15.4, -0.5
-18.0, 0.1, -16.2, -0.0
-18.7, -0.2, -4.9, -0.8
19.7, 0.2, -13.0, -0.2
-16.9, -0.2, -16.5, -0.7
-20.0, 0.2, -15.4, -0.1
-20.0, 0.4, -20.0, -0.3
-17.5, 0.5, -15.4, -0.1
-20.0, 0.2, 20.0, -0.5
20.0, -0.2, -13.0, -0.2
-18.7, 0.1, -14.0, 0.1
-18.7, 0.1, -14.3, 0.1
-20.0, 0.1, -15.4, -0.5
-19.8, -0.1, 20.0, 0.2
-20.0, -0.2, -15.4, -0.2
-18.7, -0.2, 20.0, 0.3
-16.2, 0.1, -14.5, -0.2
-18.7, 0.1, -20.0, 0.6
-18.7, -0.2, -14.5, -0.2
-20.0, -0.1, -2.8, -0.8
-19.8, -0.1, -5.8, -0.8
-17.5, -0.5, -15.4, -0.1
-18.6, -0.5, 20.0, 0.3
-20.0, -0.1, -14.3, -0.1
-18.6, 0.3, -20.0, 0.3
-18.3, 0.1, -15.7, 0.2
20.0, 0.1, 14.0, -0.1
-20.0, -0.1, -14.0, -0.1
-17.5, 0.2, 16.5, -0.5
-20.0, -0.2, -20.0, -0.3
-20.0, 0.1, -13.7, -0.2
-19.8, 0.1, -14.3, 0.1
-20.0, 0.2, 20.0, -0.5
-18.9, 0.1, -17.2, -0.3
-20.0, -0.2, 20.0, 0.3
-19.8, -0.0, -17.1, -0.1
-18.7, 0.2, 20.0, -0.5
-18.6, -0.2, -20.0, 0.3
-20.0, 0.3, 20.0, 0.2
18.0, -0.2, -13.0, 0.2
-18.7, -0.6, -4.9, -0.8
-19.8, 0.2, -15.2, 0.1
-20.0, -0.3, 20.0, -0.5
16.4, 0.3, 16.5, -0.3
-20.0, -0.1, -20.0, -0.3
-18.7, 0.0, -20.0, -0.1
-16.9, -0.1, -13.0, -0.6
-17.5, -0.1, 16.5, -0.5
-17.5, 0.2, -15.3, -0.1
-18.7, 0.2, -20.0, -0.5
-18.5, -0.2, -14.5, -0.2
-18.7, 0.1, -13.0, -0.5
-17.5, 0.2, 16.5, 0.5
-20.0, -0.2, 20.0, 0.2
-19.8, -0.1, 15.4, -0.2
-18.7, 0.5, 16.5, -0.5
-17.5, -0.2, -14.5, -0.5
-15.3, -0.2, -13.0, -0.2
-18.7, -0.2, -20.0, 0.6
-18.7, -0.1, -14.5, -0.2
-15.3, -0.2, -20.0, 0.9
-20.0, 0.4, -15.4, -0.1
-18.7, -0.0, -16.5, -0.3
-18.7, -0.6, 17.9, -0.3
-18.7, 0.1, 20.0, 0.1
18.0, 0.2, 17.9, -0.3
-18.7, 0.1, -13.0, 0.2
19.7, -0.1, -13.4, -0.1
-17.5, 0.2, -16.5, -0.7
-19.8, 0.1, 14.0, -0.1
20.0, 0.2, -17.1, -0.1
-18.7, 0.1, -14.5, -0.6
-20.0, 0.3, -14.5, -0.2
18.0, -0.2, -20.0, -0.4
-18.7, -0.2, -13.0, 0.2
19.7, 0.2, 17.9, -0.2
-18.7, -0.1, -16.5, -0.7
-20.0, -0.2, -13.0, 0.2
-20.0, 0.1, -13.3, 0.0
-18.7, -0.2, -14.5, 0.1
-18.7, -0.2, -16.5, -0.3
-19.6, 0.1, -15.4, -0.5
-19.9, 0.3, -20.0, 0.4
-17.5, 0.2, -18.4, -0.7
20.0, 0.2, 16.5, -0.5
-18.7, -0.3, 15.4, -0.1
-20.0, 0.2, -19.4, -0.1
-20.0, -0.2, -13.0, -0.0
18.0, -0.2, -13.0, -0.2
-18.7, 0.1, -15.6, -0.3
-18.9, -0.2, -16.7, -0.4
-18.7, 0.1, -14.0, 0.1
-18.7, 0.1, -15.8, -0.1
-19.8, -0.0, 16.5, -0.5
-17.5, 0.2, -17.1, -0.4
-20.0, 0.1, -14.7, -0.3
-18.9, -0.3, -18.0, -0.1
-15.8, 0.0, -19.4, -0.1
-18.7, -0.2, -20.0, -0.1
-19.8, -0.0, -15.4, -0.2
-20.0, -0.2, -16.0, -0.1
-16.2, -0.1, 16.0, -0.3
-20.0, 0.1, -14.5, 0.2
-18.7, 0.2, -15.8, 0.2
-18.7, -0.0, -14.3, -0.1
-20.0, 0.3, -14.5, -0.2
-16.2, 0.1, -14.5, -0.6
20.0, 0.2, -14.5, -0.2
-18.4, 0.1, 14.0, -0.4
-18.7, -0.0, -15.3, -0.1
-18.7, 0.1, 20.0, 0.6
-20.0, 0.2, -15.2, 0.1
-19.8, -0.3, -11.3, 0.0
-18.7, -0.3, -15.4, -0.1
-20.0, -0.2, -14.5, -0.2
-18.7, -0.2, -13.0, 0.2
18.0, 0.0, -19.4, -0.2
-20.0, -0.1, -13.0, -0.2
-20.0, -0.6, 16.0, -0.3
-20.0, 0.3, -14.5, -0.6
-18.7, 0.1, -16.7, -0.1
-16.7, 0.4, -15.8, -0.1
-18.7, 0.1, -13.0, -0.5
-20.0, -0.3, -14.2, -0.1
-20.0, 0.3, 20.0, 0.2
-20.0, -0.6, 20.0, 0.1
-18.7, 0.2, -15.4, -0.2
-19.8, -0.1, -15.3, -0.1
-17.5, -0.0, -17.1, -0.1
-18.9, 0.1, -14.5, -0.2
-18.7, -0.1, -17.2, -0.3
-18.0, 0.1, -14.5, 0.1
-18.7, -0.2, -16.2, -0.0
-17.5, -0.1, -15.4, -0.1
-20.0, 0.4, -15.3, -0.1
-18.7, 0.1, -20.0, -0.3
-20.0, 0.1, -13.0, -0.5
20.0, 0.1, 14.0, -0.1
-18.7, -0.6, 20.0, 0.1
-18.7, 0.4, -15.4, -0.1
-20.0, -0.6, 20.0, 0.1
-18.7, -0.1, 17.9, -0.3
-18.7, 0.1, -15.8, -0.1
-20.0, 0.3, -14.3, -0.1
-20.0, -0.1, -15.4, -0.1
